sample_id,scope,mode,duration_group,wer,cer,wer_s,wer_d,wer_i,wer_n,cer_s,cer_d,cer_i,cer_n,empty
multiwoz_MUL1152_turn2,multiwoz,la_streaming,long,0.0909,0.0497,2,0,1,33,5,0,4,181,0
multiwoz_PMUL2936_turn2,multiwoz,la_streaming,long,0.0000,0.0000,0,0,0,40,0,0,0,201,0
crosswoz_11613_turn2,crosswoz,la_streaming,long,0.0508,0.0508,2,0,1,59,2,0,1,59,0
multiwoz_MUL0084_turn2,multiwoz,la_streaming,long,0.2927,0.1451,7,1,4,41,10,0,18,193,0
multiwoz_PMUL2130_turn2,multiwoz,la_streaming,long,0.0789,0.0508,2,0,1,38,7,0,3,197,0
multiwoz_MUL2174_turn2,multiwoz,la_streaming,long,0.1081,0.0550,2,1,1,37,4,2,5,200,0
multiwoz_PMUL0460_turn2,multiwoz,la_streaming,long,0.2791,0.1386,4,2,6,43,4,0,24,202,0
crosswoz_11735_turn2,crosswoz,la_streaming,long,0.0441,0.0441,2,0,1,68,2,0,1,68,0
multiwoz_PMUL4612_turn2,multiwoz,la_streaming,long,0.0392,0.0122,2,0,0,51,3,0,0,246,0
multiwoz_MUL0076_turn2,multiwoz,la_streaming,long,0.0667,0.0085,3,0,0,45,0,1,1,236,0
crosswoz_9200_turn2,crosswoz,la_streaming,long,0.1194,0.1194,7,0,1,67,7,0,1,67,0
multiwoz_PMUL3103_turn2,multiwoz,la_streaming,long,0.2195,0.1885,4,0,5,41,7,0,29,191,0
multiwoz_MUL2016_turn2,multiwoz,la_streaming,long,0.1957,0.0762,6,1,2,46,3,0,14,223,0
crosswoz_12315_turn2,crosswoz,la_streaming,long,0.0667,0.0667,4,1,0,75,4,1,0,75,0
crosswoz_9365_turn2,crosswoz,la_streaming,long,0.0704,0.0704,4,0,1,71,4,0,1,71,0
multiwoz_PMUL0237_turn3,multiwoz,la_streaming,long,0.0976,0.0433,3,1,0,41,5,5,0,231,0
multiwoz_PMUL2319_turn2,multiwoz,la_streaming,long,0.0172,0.0074,1,0,0,58,0,0,2,269,0
multiwoz_PMUL4499_turn2,multiwoz,la_streaming,long,0.0465,0.0043,1,1,0,43,0,1,0,232,0
multiwoz_MUL1031_turn2,multiwoz,la_streaming,long,0.0698,0.0253,2,0,1,43,0,0,6,237,0
crosswoz_8717_turn2,crosswoz,la_streaming,long,0.0667,0.0667,4,0,1,75,4,0,1,75,0
crosswoz_9394_turn2,crosswoz,la_streaming,long,0.1429,0.1429,10,0,0,70,10,0,0,70,0
multiwoz_MUL1001_turn2,multiwoz,la_streaming,long,0.1522,0.0588,4,1,2,46,1,4,9,238,0
multiwoz_MUL1320_turn3,multiwoz,la_streaming,long,0.0833,0.0299,2,0,2,48,2,0,5,234,0
multiwoz_MUL1191_turn2,multiwoz,la_streaming,long,0.2549,0.0984,9,1,3,51,9,4,11,244,0
crosswoz_10382_turn2,crosswoz,la_streaming,long,0.0658,0.0658,4,0,1,76,4,0,1,76,0
crosswoz_7310_turn2,crosswoz,la_streaming,long,0.0959,0.0959,4,1,2,73,4,1,2,73,0
crosswoz_10661_turn2,crosswoz,la_streaming,long,0.0375,0.0375,3,0,0,80,3,0,0,80,0
crosswoz_7701_turn2,crosswoz,la_streaming,long,0.0533,0.0533,3,0,1,75,3,0,1,75,0
crosswoz_9956_turn3,crosswoz,la_streaming,long,0.0145,0.0145,1,0,0,69,1,0,0,69,0
crosswoz_8424_turn2,crosswoz,la_streaming,long,0.0260,0.0260,2,0,0,77,2,0,0,77,0
multiwoz_MUL1459_turn2,multiwoz,la_streaming,long,0.0517,0.0180,1,0,2,58,0,0,5,278,0
multiwoz_PMUL2175_turn2,multiwoz,la_streaming,long,0.1600,0.1000,6,0,2,50,17,9,2,280,0
crosswoz_11406_turn2,crosswoz,la_streaming,long,0.0886,0.0886,6,0,1,79,6,0,1,79,0
multiwoz_MUL2157_turn2,multiwoz,la_streaming,long,0.2308,0.1149,5,0,7,52,3,0,27,261,0
multiwoz_MUL1330_turn2,multiwoz,la_streaming,long,0.0727,0.0445,2,0,2,55,11,0,2,292,0
crosswoz_497_turn2,crosswoz,la_streaming,long,0.0706,0.0706,5,0,1,85,5,0,1,85,0
crosswoz_10197_turn2,crosswoz,la_streaming,long,0.0361,0.0361,3,0,0,83,3,0,0,83,0
crosswoz_962_turn2,crosswoz,la_streaming,long,0.0732,0.0732,5,0,1,82,5,0,1,82,0
multiwoz_MUL1003_turn3,multiwoz,la_streaming,long,0.0000,0.0000,0,0,0,59,0,0,0,289,0
crosswoz_2228_turn2,crosswoz,la_streaming,long,0.0617,0.0617,4,0,1,81,4,0,1,81,0
crosswoz_10574_turn2,crosswoz,la_streaming,long,0.0610,0.0610,4,0,1,82,4,0,1,82,0
crosswoz_422_turn2,crosswoz,la_streaming,long,0.0235,0.0235,2,0,0,85,2,0,0,85,0
multiwoz_MUL0789_turn2,multiwoz,la_streaming,long,0.1961,0.1008,6,1,3,51,10,3,12,248,0
multiwoz_PMUL0322_turn3,multiwoz,la_streaming,long,0.1636,0.0625,6,2,1,55,6,7,4,272,0
multiwoz_MUL0711_turn2,multiwoz,la_streaming,long,0.0714,0.0235,4,0,0,56,5,0,1,255,0
crosswoz_7196_turn2,crosswoz,la_streaming,long,0.0870,0.0870,7,0,1,92,7,0,1,92,0
multiwoz_MUL0666_turn2,multiwoz,la_streaming,long,0.2182,0.0873,6,0,6,55,2,0,22,275,0
multiwoz_MUL0641_turn2,multiwoz,la_streaming,long,0.1071,0.0310,5,0,1,56,5,1,3,290,0
crosswoz_1101_turn2,crosswoz,la_streaming,long,0.0633,0.0633,4,0,1,79,4,0,1,79,0
multiwoz_PMUL0237_turn4,multiwoz,la_streaming,long,0.1034,0.0288,3,2,1,58,1,7,1,313,0
crosswoz_8707_turn2,crosswoz,la_streaming,long,0.0000,0.0000,0,0,0,86,0,0,0,86,0
crosswoz_8907_turn2,crosswoz,la_streaming,long,0.0645,0.0645,5,0,1,93,5,0,1,93,0
multiwoz_MUL1215_turn2,multiwoz,la_streaming,long,0.1905,0.0826,4,2,2,42,4,1,13,218,0
multiwoz_MUL1353_turn2,multiwoz,la_streaming,long,0.2500,0.0857,8,3,2,52,4,10,10,280,0
multiwoz_PMUL2590_turn3,multiwoz,la_streaming,long,0.1667,0.1439,5,1,3,54,9,3,29,285,0
crosswoz_11334_turn2,crosswoz,la_streaming,long,0.0341,0.0341,3,0,0,88,3,0,0,88,0
crosswoz_10749_turn2,crosswoz,la_streaming,long,0.0110,0.0110,1,0,0,91,1,0,0,91,0
multiwoz_PMUL2296_turn2,multiwoz,la_streaming,long,0.0308,0.0255,2,0,0,65,5,3,0,314,0
crosswoz_9577_turn2,crosswoz,la_streaming,long,0.0211,0.0211,0,1,1,95,0,1,1,95,0
crosswoz_9173_turn2,crosswoz,la_streaming,long,0.0330,0.0330,2,0,1,91,2,0,1,91,0
multiwoz_MUL0176_turn3,multiwoz,la_streaming,long,0.0588,0.0229,3,1,0,68,5,3,0,349,0
multiwoz_MUL0084_turn3,multiwoz,la_streaming,long,0.3036,0.1172,7,1,9,56,6,0,26,273,0
crosswoz_11730_turn2,crosswoz,la_streaming,long,0.1290,0.1290,10,1,1,93,10,1,1,93,0
crosswoz_10331_turn2,crosswoz,la_streaming,long,0.0408,0.0408,4,0,0,98,4,0,0,98,0
multiwoz_MUL1332_turn3,multiwoz,la_streaming,long,0.3214,0.1812,9,0,9,56,10,1,39,276,0
multiwoz_PMUL1904_turn3,multiwoz,la_streaming,long,0.1404,0.1127,4,0,4,57,2,1,29,284,0
multiwoz_PMUL1745_turn3,multiwoz,la_streaming,long,0.0794,0.0525,1,0,4,63,1,0,15,305,0
multiwoz_MUL2018_turn3,multiwoz,la_streaming,long,0.0678,0.0541,2,0,2,59,6,2,9,314,0
crosswoz_98_turn2,crosswoz,la_streaming,long,0.1364,0.1364,10,1,1,88,10,1,1,88,0
crosswoz_10040_turn2,crosswoz,la_streaming,long,0.0619,0.0619,5,0,1,97,5,0,1,97,0
multiwoz_MUL0183_turn2,multiwoz,la_streaming,long,0.0000,0.0000,0,0,0,69,0,0,0,337,0
multiwoz_PMUL2034_turn2,multiwoz,la_streaming,long,0.0606,0.0118,2,1,1,66,2,1,1,338,0
multiwoz_MUL0874_turn3,multiwoz,la_streaming,long,0.1500,0.0602,7,0,2,60,8,6,6,332,0
multiwoz_PMUL4612_turn3,multiwoz,la_streaming,long,0.0278,0.0199,1,0,1,72,2,0,5,352,0
crosswoz_11361_turn2,crosswoz,la_streaming,long,0.0556,0.0556,6,0,0,108,6,0,0,108,0
multiwoz_PMUL2936_turn3,multiwoz,la_streaming,long,0.1500,0.1006,1,1,7,60,0,2,30,318,0
multiwoz_PMUL0085_turn3,multiwoz,la_streaming,long,0.1250,0.0782,2,0,6,64,3,2,19,307,0
crosswoz_11613_turn3,crosswoz,la_streaming,long,0.0549,0.0549,3,0,2,91,3,0,2,91,0
crosswoz_8202_turn2,crosswoz,la_streaming,long,0.0707,0.0707,7,0,0,99,7,0,0,99,0
multiwoz_PMUL4499_turn3,multiwoz,la_streaming,long,0.1600,0.1493,0,12,0,75,0,63,0,422,0
multiwoz_PMUL4885_turn3,multiwoz,la_streaming,long,0.1286,0.0696,5,0,4,70,9,0,13,316,0
crosswoz_12298_turn2,crosswoz,la_streaming,long,0.0283,0.0283,3,0,0,106,3,0,0,106,0
multiwoz_MUL0183_turn3,multiwoz,la_streaming,long,0.1023,0.0726,1,7,1,88,0,29,2,427,0
multiwoz_MUL1203_turn3,multiwoz,la_streaming,long,0.0676,0.0278,4,0,1,74,4,6,1,395,0
crosswoz_9033_turn2,crosswoz,la_streaming,long,0.0762,0.0762,7,0,1,105,7,0,1,105,0
multiwoz_MUL1191_turn3,multiwoz,la_streaming,long,0.1558,0.0769,6,3,3,77,4,3,21,364,0
multiwoz_MUL2174_turn3,multiwoz,la_streaming,long,0.1053,0.0719,2,0,4,57,3,0,18,292,0
crosswoz_497_turn3,crosswoz,la_streaming,long,0.0536,0.0536,5,0,1,112,5,0,1,112,0
crosswoz_11406_turn3,crosswoz,la_streaming,long,0.0654,0.0654,6,0,1,107,6,0,1,107,0
crosswoz_12299_turn2,crosswoz,la_streaming,long,0.0280,0.0280,2,0,1,107,2,0,1,107,0
crosswoz_3145_turn2,crosswoz,la_streaming,long,0.0545,0.0545,5,0,1,110,5,0,1,110,0
multiwoz_PMUL4031_turn3,multiwoz,la_streaming,long,0.0000,0.0000,0,0,0,70,0,0,0,375,0
multiwoz_PMUL4254_turn3,multiwoz,la_streaming,long,0.1493,0.0994,3,0,7,67,2,0,30,322,0
crosswoz_8424_turn3,crosswoz,la_streaming,long,0.3268,0.3268,5,45,0,153,5,45,0,153,0
crosswoz_8672_turn2,crosswoz,la_streaming,long,0.1028,0.1028,11,0,0,107,11,0,0,107,0
multiwoz_PMUL0460_turn3,multiwoz,la_streaming,long,0.2394,0.0904,7,3,7,71,4,3,24,343,0
crosswoz_10296_turn2,crosswoz,la_streaming,long,0.0185,0.0185,1,0,1,108,1,0,1,108,0
crosswoz_8707_turn3,crosswoz,la_streaming,long,0.2676,0.2676,2,36,0,142,2,36,0,142,0
crosswoz_9138_turn3,crosswoz,la_streaming,long,0.0684,0.0684,6,1,1,117,6,1,1,117,0
crosswoz_9080_turn2,crosswoz,la_streaming,long,0.0684,0.0684,6,0,2,117,6,0,2,117,0
crosswoz_10574_turn3,crosswoz,la_streaming,long,0.0887,0.0887,10,0,1,124,10,0,1,124,0
crosswoz_422_turn3,crosswoz,la_streaming,long,0.0508,0.0508,6,0,0,118,6,0,0,118,0
crosswoz_11893_turn2,crosswoz,la_streaming,long,0.0317,0.0317,3,0,1,126,3,0,1,126,0
crosswoz_12011_turn2,crosswoz,la_streaming,long,0.0656,0.0656,7,0,1,122,7,0,1,122,0
crosswoz_8436_turn2,crosswoz,la_streaming,long,0.0579,0.0579,6,0,1,121,6,0,1,121,0
crosswoz_10197_turn3,crosswoz,la_streaming,long,0.0732,0.0732,9,0,0,123,9,0,0,123,0
crosswoz_10661_turn3,crosswoz,la_streaming,long,0.0703,0.0703,7,2,0,128,7,2,0,128,0
crosswoz_1101_turn3,crosswoz,la_streaming,long,0.0407,0.0407,4,0,1,123,4,0,1,123,0
crosswoz_8796_turn2,crosswoz,la_streaming,very_long,0.1048,0.1048,9,0,4,124,9,0,4,124,0
multiwoz_PMUL0271_turn3,multiwoz,la_streaming,very_long,0.2051,0.0923,10,0,6,78,10,5,22,401,0
multiwoz_PMUL2590_turn4,multiwoz,la_streaming,very_long,0.1667,0.1119,10,1,2,78,21,1,24,411,0
multiwoz_MUL1215_turn3,multiwoz,la_streaming,very_long,0.2286,0.0518,11,4,1,70,6,5,8,367,0
crosswoz_10749_turn3,crosswoz,la_streaming,very_long,0.0294,0.0294,4,0,0,136,4,0,0,136,0
crosswoz_7701_turn3,crosswoz,la_streaming,very_long,0.0645,0.0645,7,0,1,124,7,0,1,124,0
crosswoz_9200_turn3,crosswoz,la_streaming,very_long,0.0672,0.0672,7,0,1,119,7,0,1,119,0
multiwoz_MUL1330_turn3,multiwoz,la_streaming,very_long,0.0323,0.0240,3,0,0,93,6,6,0,501,0
multiwoz_MUL0176_turn4,multiwoz,la_streaming,very_long,0.0106,0.0041,1,0,0,94,2,0,0,483,0
crosswoz_9956_turn4,crosswoz,la_streaming,very_long,0.0720,0.0720,7,2,0,125,7,2,0,125,0
crosswoz_8202_turn3,crosswoz,la_streaming,very_long,0.1986,0.1986,10,18,0,141,10,18,0,141,0
crosswoz_8672_turn3,crosswoz,la_streaming,very_long,0.0992,0.0992,11,2,0,131,11,2,0,131,0
multiwoz_MUL0666_turn3,multiwoz,la_streaming,very_long,0.2022,0.0830,9,0,9,89,7,0,30,446,0
multiwoz_MUL1031_turn3,multiwoz,la_streaming,very_long,0.1609,0.0987,8,0,6,87,7,3,34,446,0
crosswoz_12315_turn3,crosswoz,la_streaming,very_long,0.0652,0.0652,8,1,0,138,8,1,0,138,0
multiwoz_MUL1003_turn4,multiwoz,la_streaming,very_long,0.0100,0.0080,1,0,0,100,2,2,0,500,0
crosswoz_9033_turn3,crosswoz,la_streaming,very_long,0.0217,0.0217,3,0,0,138,3,0,0,138,0
multiwoz_MUL0023_turn3,multiwoz,la_streaming,very_long,0.1829,0.1206,7,3,5,82,7,15,29,423,0
multiwoz_PMUL2296_turn3,multiwoz,la_streaming,very_long,0.0722,0.0348,5,1,1,97,11,6,0,489,0
multiwoz_PMUL0322_turn4,multiwoz,la_streaming,very_long,0.1978,0.0971,10,2,6,91,12,4,27,443,0
crosswoz_11248_turn2,crosswoz,la_streaming,very_long,0.0141,0.0141,2,0,0,142,2,0,0,142,0
multiwoz_MUL2157_turn3,multiwoz,la_streaming,very_long,0.1067,0.0738,3,0,5,75,2,0,27,393,0
multiwoz_PMUL2936_turn4,multiwoz,la_streaming,very_long,0.1481,0.0837,5,0,7,81,2,2,32,430,0
crosswoz_10296_turn3,crosswoz,la_streaming,very_long,0.0496,0.0496,3,3,1,141,3,3,1,141,0
crosswoz_962_turn3,crosswoz,la_streaming,very_long,0.0563,0.0563,7,0,1,142,7,0,1,142,0
crosswoz_7652_turn2,crosswoz,la_streaming,very_long,0.3955,0.3955,14,54,2,177,14,54,2,177,0
crosswoz_11361_turn3,crosswoz,la_streaming,very_long,0.0496,0.0496,7,0,0,141,7,0,0,141,0
multiwoz_PMUL2175_turn4,multiwoz,la_streaming,very_long,0.1236,0.0784,6,0,5,89,18,4,15,472,0
multiwoz_MUL0789_turn3,multiwoz,la_streaming,very_long,0.1765,0.1005,8,1,6,85,11,6,26,428,0
multiwoz_PMUL1904_turn4,multiwoz,la_streaming,very_long,0.1609,0.1082,4,4,6,87,11,15,20,425,0
crosswoz_9173_turn3,crosswoz,la_streaming,very_long,0.0276,0.0276,3,0,1,145,3,0,1,145,0
multiwoz_MUL1001_turn3,multiwoz,la_streaming,very_long,0.1461,0.0740,6,1,6,89,11,3,21,473,0
multiwoz_PMUL4885_turn4,multiwoz,la_streaming,very_long,0.1398,0.0767,9,2,2,93,11,10,12,430,0
multiwoz_MUL0084_turn4,multiwoz,la_streaming,very_long,0.2632,0.1191,11,1,13,95,9,2,45,470,0
multiwoz_PMUL1745_turn4,multiwoz,la_streaming,very_long,0.0667,0.0584,4,0,3,105,1,2,26,497,0
crosswoz_8907_turn3,crosswoz,la_streaming,very_long,0.0260,0.0260,3,0,1,154,3,0,1,154,0
crosswoz_11893_turn3,crosswoz,la_streaming,very_long,0.0199,0.0199,2,0,1,151,2,0,1,151,0
crosswoz_11592_turn2,crosswoz,la_streaming,very_long,0.0593,0.0593,8,0,0,135,8,0,0,135,0
crosswoz_11613_turn4,crosswoz,la_streaming,very_long,0.0748,0.0748,4,2,5,147,4,2,5,147,0
multiwoz_MUL0874_turn4,multiwoz,la_streaming,very_long,0.2273,0.1123,11,0,9,88,7,5,41,472,0
multiwoz_MUL1353_turn3,multiwoz,la_streaming,very_long,0.2766,0.0885,16,6,4,94,4,15,24,486,0
crosswoz_9577_turn3,crosswoz,la_streaming,very_long,0.0458,0.0458,5,1,1,153,5,1,1,153,0
multiwoz_MUL2174_turn4,multiwoz,la_streaming,very_long,0.1364,0.0879,4,1,7,88,5,1,34,455,0
crosswoz_7310_turn3,crosswoz,la_streaming,very_long,0.0811,0.0811,10,0,2,148,10,0,2,148,0
multiwoz_PMUL2034_turn3,multiwoz,la_streaming,very_long,0.1616,0.1147,9,1,6,99,11,11,38,523,0
crosswoz_12299_turn3,crosswoz,la_streaming,very_long,0.0654,0.0654,8,1,1,153,8,1,1,153,0
multiwoz_PMUL3103_turn4,multiwoz,la_streaming,very_long,0.1489,0.1000,8,2,4,94,11,3,35,490,0
multiwoz_PMUL2319_turn3,multiwoz,la_streaming,very_long,0.0472,0.0250,4,0,1,106,10,0,3,521,0
crosswoz_9956_turn5,crosswoz,la_streaming,very_long,0.0476,0.0476,7,0,0,147,7,0,0,147,0
multiwoz_MUL2018_turn4,multiwoz,la_streaming,very_long,0.1889,0.1099,6,0,11,90,8,0,42,455,0
crosswoz_10574_turn4,crosswoz,la_streaming,very_long,0.0633,0.0633,8,0,2,158,8,0,2,158,0
multiwoz_MUL0069_turn4,multiwoz,la_streaming,very_long,0.1262,0.0748,5,2,6,103,7,1,30,508,0
crosswoz_9394_turn3,crosswoz,la_streaming,very_long,0.0855,0.0855,12,0,1,152,12,0,1,152,0
crosswoz_11730_turn3,crosswoz,la_streaming,very_long,0.0759,0.0759,9,2,1,158,9,2,1,158,0
multiwoz_MUL1320_turn5,multiwoz,la_streaming,very_long,0.2041,0.1276,9,0,11,98,7,2,53,486,0
multiwoz_MUL0193_turn3,multiwoz,la_streaming,very_long,0.2375,0.1163,14,0,5,80,16,5,36,490,0
crosswoz_12298_turn3,crosswoz,la_streaming,very_long,0.0577,0.0577,8,0,1,156,8,0,1,156,0
multiwoz_MUL0076_turn4,multiwoz,la_streaming,very_long,0.1714,0.0705,9,1,8,105,5,0,32,525,0
crosswoz_7196_turn3,crosswoz,la_streaming,very_long,0.0875,0.0875,12,1,1,160,12,1,1,160,0
multiwoz_PMUL4031_turn4,multiwoz,la_streaming,very_long,0.0408,0.0189,2,1,1,98,2,2,6,529,0
multiwoz_MUL0641_turn3,multiwoz,la_streaming,very_long,0.2128,0.1100,10,0,10,94,9,2,43,491,0
crosswoz_2228_turn3,crosswoz,la_streaming,very_long,0.0488,0.0488,6,1,1,164,6,1,1,164,0
multiwoz_PMUL4612_turn4,multiwoz,la_streaming,very_long,0.1402,0.0939,7,0,8,107,7,0,44,543,0
crosswoz_10040_turn3,crosswoz,la_streaming,very_long,0.0566,0.0566,5,0,4,159,5,0,4,159,0
crosswoz_11334_turn3,crosswoz,la_streaming,very_long,0.0692,0.0692,10,0,1,159,10,0,1,159,0
crosswoz_3145_turn3,crosswoz,la_streaming,very_long,0.0545,0.0545,8,0,1,165,8,0,1,165,0
multiwoz_MUL0183_turn4,multiwoz,la_streaming,very_long,0.0164,0.0050,2,0,0,122,1,2,0,602,0
multiwoz_MUL1152_turn4,multiwoz,la_streaming,very_long,0.1650,0.0700,9,1,7,103,8,5,25,543,0
multiwoz_MUL1203_turn4,multiwoz,la_streaming,very_long,0.0541,0.0251,5,0,1,111,5,9,1,598,0
crosswoz_497_turn4,crosswoz,la_streaming,very_long,0.0446,0.0446,5,1,1,157,5,1,1,157,0
crosswoz_9080_turn3,crosswoz,la_streaming,very_long,0.0578,0.0578,8,0,2,173,8,0,2,173,0
multiwoz_PMUL2175_turn5,multiwoz,la_streaming,very_long,0.2885,0.1735,12,1,17,104,19,9,65,536,0
multiwoz_MUL1459_turn4,multiwoz,la_streaming,very_long,0.1071,0.0514,6,0,6,112,2,0,26,545,0
crosswoz_9365_turn4,crosswoz,la_streaming,very_long,0.0769,0.0769,12,0,1,169,12,0,1,169,0
crosswoz_11592_turn3,crosswoz,la_streaming,very_long,0.0714,0.0714,10,0,1,154,10,0,1,154,0
multiwoz_PMUL1904_turn5,multiwoz,la_streaming,very_long,0.2500,0.2019,5,13,9,108,10,58,38,525,0
multiwoz_MUL1031_turn4,multiwoz,la_streaming,very_long,0.1739,0.1048,12,0,8,115,14,2,45,582,0
multiwoz_MUL0666_turn4,multiwoz,la_streaming,very_long,0.1947,0.0954,9,0,13,113,4,1,49,566,0
multiwoz_PMUL0322_turn5,multiwoz,la_streaming,very_long,0.1481,0.0894,10,1,5,108,15,3,30,537,0
multiwoz_MUL1191_turn4,multiwoz,la_streaming,very_long,0.2091,0.1222,11,2,10,110,14,3,49,540,0
multiwoz_MUL2174_turn5,multiwoz,la_streaming,very_long,0.0808,0.0499,2,0,6,99,3,0,23,521,0
crosswoz_11406_turn4,crosswoz,la_streaming,very_long,0.0882,0.0882,12,1,2,170,12,1,2,170,0
crosswoz_8717_turn3,crosswoz,la_streaming,very_long,0.1337,0.1337,7,14,2,172,7,14,2,172,0
multiwoz_PMUL4499_turn4,multiwoz,la_streaming,very_long,0.1091,0.0722,6,0,6,110,14,3,27,609,0
crosswoz_9956_turn6,crosswoz,la_streaming,very_long,0.0595,0.0595,10,0,0,168,10,0,0,168,0
multiwoz_MUL1215_turn4,multiwoz,la_streaming,very_long,0.2688,0.0764,14,7,4,93,6,9,22,484,0
multiwoz_PMUL4254_turn4,multiwoz,la_streaming,very_long,0.1616,0.0813,9,0,7,99,12,2,27,504,0
multiwoz_MUL0711_turn4,multiwoz,la_streaming,very_long,0.1140,0.0723,7,1,5,114,13,5,22,553,0
multiwoz_MUL1332_turn5,multiwoz,la_streaming,very_long,0.1649,0.1066,8,1,7,97,14,9,30,497,0
multiwoz_PMUL2590_turn5,multiwoz,la_streaming,very_long,0.1712,0.1050,9,0,10,111,16,2,43,581,0
multiwoz_PMUL0085_turn4,multiwoz,la_streaming,very_long,0.1754,0.1195,9,1,10,114,12,0,53,544,0
crosswoz_10661_turn4,crosswoz,la_streaming,very_long,0.0824,0.0824,13,2,0,182,13,2,0,182,0
multiwoz_PMUL2296_turn4,multiwoz,la_streaming,very_long,0.0543,0.0226,5,2,0,129,8,7,0,665,0
crosswoz_8672_turn4,crosswoz,la_streaming,very_long,0.0489,0.0489,8,0,1,184,8,0,1,184,0
crosswoz_10331_turn3,crosswoz,la_streaming,very_long,0.0642,0.0642,11,0,1,187,11,0,1,187,0
multiwoz_MUL0023_turn4,multiwoz,la_streaming,very_long,0.1622,0.1068,14,0,4,111,22,4,34,562,0
crosswoz_11735_turn3,crosswoz,la_streaming,very_long,0.0739,0.0739,12,0,1,176,12,0,1,176,0
multiwoz_PMUL4885_turn5,multiwoz,la_streaming,very_long,0.1121,0.0707,8,1,4,116,9,13,17,552,0
crosswoz_9138_turn4,crosswoz,la_streaming,very_long,0.0645,0.0645,9,1,2,186,9,1,2,186,0
crosswoz_9033_turn4,crosswoz,la_streaming,very_long,0.0326,0.0326,4,1,1,184,4,1,1,184,0
crosswoz_8436_turn3,crosswoz,la_streaming,very_long,0.0529,0.0529,8,1,1,189,8,1,1,189,0
crosswoz_497_turn5,crosswoz,la_streaming,very_long,0.0489,0.0489,8,0,1,184,8,0,1,184,0
crosswoz_962_turn4,crosswoz,la_streaming,very_long,0.0691,0.0691,12,0,1,188,12,0,1,188,0
crosswoz_8907_turn4,crosswoz,la_streaming,very_long,0.0296,0.0296,4,1,1,203,4,1,1,203,0
crosswoz_11613_turn5,crosswoz,la_streaming,very_long,0.0978,0.0978,9,4,5,184,9,4,5,184,0
crosswoz_10382_turn4,crosswoz,la_streaming,very_long,0.0995,0.0995,15,4,1,201,15,4,1,201,0
crosswoz_10296_turn4,crosswoz,la_streaming,very_long,0.0309,0.0309,5,0,1,194,5,0,1,194,0
crosswoz_8707_turn4,crosswoz,la_streaming,very_long,0.2489,0.2489,15,39,1,221,15,39,1,221,0
crosswoz_422_turn4,crosswoz,la_streaming,very_long,0.0524,0.0524,10,0,0,191,10,0,0,191,0
crosswoz_12011_turn3,crosswoz,la_streaming,very_long,0.0558,0.0558,10,0,1,197,10,0,1,197,0
crosswoz_2228_turn4,crosswoz,la_streaming,very_long,0.0603,0.0603,9,0,3,199,9,0,3,199,0
crosswoz_7310_turn4,crosswoz,la_streaming,very_long,0.0588,0.0588,10,0,2,204,10,0,2,204,0
crosswoz_12315_turn4,crosswoz,la_streaming,very_long,0.0887,0.0887,16,1,1,203,16,1,1,203,0
crosswoz_11361_turn4,crosswoz,la_streaming,very_long,0.0622,0.0622,10,1,2,209,10,1,2,209,0
crosswoz_8672_turn5,crosswoz,la_streaming,very_long,0.1227,0.1227,12,14,1,220,12,14,1,220,0
crosswoz_1101_turn4,crosswoz,la_streaming,very_long,0.0450,0.0450,8,0,1,200,8,0,1,200,0
crosswoz_11893_turn4,crosswoz,la_streaming,very_long,0.0284,0.0284,4,0,2,211,4,0,2,211,0
crosswoz_9275_turn2,crosswoz,la_streaming,very_long,0.0947,0.0947,16,1,1,190,16,1,1,190,0
crosswoz_7701_turn4,crosswoz,la_streaming,very_long,0.0650,0.0650,11,0,2,200,11,0,2,200,0
crosswoz_10749_turn4,crosswoz,la_streaming,very_long,0.0179,0.0179,3,0,1,223,3,0,1,223,0
crosswoz_8796_turn3,crosswoz,la_streaming,very_long,0.0918,0.0918,17,1,1,207,17,1,1,207,0
crosswoz_9200_turn4,crosswoz,la_streaming,very_long,0.0204,0.0204,3,0,1,196,3,0,1,196,0
crosswoz_9394_turn4,crosswoz,la_streaming,very_long,0.0825,0.0825,16,0,1,206,16,0,1,206,0
crosswoz_11334_turn4,crosswoz,la_streaming,very_long,0.0628,0.0628,10,0,3,207,10,0,3,207,0
crosswoz_11613_turn6,crosswoz,la_streaming,very_long,0.0892,0.0892,12,2,5,213,12,2,5,213,0
crosswoz_10574_turn5,crosswoz,la_streaming,very_long,0.0354,0.0354,6,0,2,226,6,0,2,226,0
crosswoz_11248_turn3,crosswoz,la_streaming,very_long,0.0533,0.0533,10,1,1,225,10,1,1,225,0
crosswoz_8202_turn4,crosswoz,la_streaming,very_long,0.3255,0.3255,29,40,0,212,29,40,0,212,0
crosswoz_3145_turn4,crosswoz,la_streaming,very_long,0.0455,0.0455,9,0,1,220,9,0,1,220,0
crosswoz_7196_turn4,crosswoz,la_streaming,very_long,0.0583,0.0583,11,1,1,223,11,1,1,223,0
crosswoz_7652_turn3,crosswoz,la_streaming,very_long,0.1014,0.1014,20,0,2,217,20,0,2,217,0
crosswoz_9577_turn4,crosswoz,la_streaming,very_long,0.0583,0.0583,10,1,2,223,10,1,2,223,0
crosswoz_12011_turn4,crosswoz,la_streaming,very_long,0.0478,0.0478,9,1,1,230,9,1,1,230,0
crosswoz_10197_turn4,crosswoz,la_streaming,very_long,0.0502,0.0502,11,0,0,219,11,0,0,219,0
crosswoz_10040_turn4,crosswoz,la_streaming,very_long,0.0938,0.0938,17,0,4,224,17,0,4,224,0
crosswoz_8436_turn4,crosswoz,la_streaming,very_long,0.0513,0.0513,10,1,1,234,10,1,1,234,0
crosswoz_98_turn3,crosswoz,la_streaming,very_long,0.1157,0.1157,22,2,1,216,22,2,1,216,0
crosswoz_12299_turn4,crosswoz,la_streaming,very_long,0.0693,0.0693,10,1,5,231,10,1,5,231,0
crosswoz_9173_turn4,crosswoz,la_streaming,very_long,0.0474,0.0474,10,0,1,232,10,0,1,232,0
crosswoz_12298_turn4,crosswoz,la_streaming,very_long,0.0431,0.0431,8,1,1,232,8,1,1,232,0
crosswoz_11730_turn4,crosswoz,la_streaming,very_long,0.0700,0.0700,15,0,2,243,15,0,2,243,0
crosswoz_11406_turn5,crosswoz,la_streaming,very_long,0.0868,0.0868,18,0,3,242,18,0,3,242,0
crosswoz_9080_turn4,crosswoz,la_streaming,very_long,0.0583,0.0583,12,0,2,240,12,0,2,240,0
crosswoz_10661_turn5,crosswoz,la_streaming,very_long,0.0788,0.0788,15,3,1,241,15,3,1,241,0
crosswoz_11735_turn4,crosswoz,la_streaming,very_long,0.0420,0.0420,6,3,1,238,6,3,1,238,0
crosswoz_497_turn6,crosswoz,la_streaming,very_long,0.0487,0.0487,9,0,2,226,9,0,2,226,0
crosswoz_8672_turn6,crosswoz,la_streaming,very_long,0.5409,0.5409,26,113,0,257,26,113,0,257,0
crosswoz_9275_turn3,crosswoz,la_streaming,very_long,0.0670,0.0670,14,0,1,224,14,0,1,224,0
crosswoz_9033_turn5,crosswoz,la_streaming,very_long,0.0567,0.0567,12,1,1,247,12,1,1,247,0
crosswoz_10331_turn4,crosswoz,la_streaming,very_long,0.0781,0.0781,16,3,1,256,16,3,1,256,0
multiwoz_PMUL4612_turn6,multiwoz,la_streaming,extra_long,0.1325,0.0774,9,2,9,151,9,8,42,762,0
multiwoz_PMUL0271_turn5,multiwoz,la_streaming,extra_long,0.1069,0.0705,10,0,7,159,20,1,36,808,0
multiwoz_MUL1031_turn6,multiwoz,la_streaming,extra_long,0.2262,0.1490,16,10,12,168,11,47,71,866,0
crosswoz_9365_turn5,crosswoz,la_streaming,extra_long,0.0887,0.0887,20,0,2,248,20,0,2,248,0
multiwoz_PMUL4885_turn6,multiwoz,la_streaming,extra_long,0.1613,0.1057,11,2,12,155,9,13,56,738,0
crosswoz_10296_turn5,crosswoz,la_streaming,extra_long,0.0683,0.0683,11,1,5,249,11,1,5,249,0
multiwoz_MUL2016_turn5,multiwoz,la_streaming,extra_long,0.1429,0.0615,12,6,5,161,13,1,34,781,0
multiwoz_PMUL0322_turn7,multiwoz,la_streaming,extra_long,0.1883,0.0962,17,1,11,154,21,10,44,780,0
multiwoz_MUL2157_turn5,multiwoz,la_streaming,extra_long,0.3286,0.2792,7,31,8,140,4,156,36,702,0
crosswoz_12315_turn5,crosswoz,la_streaming,extra_long,0.0672,0.0672,15,1,1,253,15,1,1,253,0
multiwoz_MUL0711_turn7,multiwoz,la_streaming,extra_long,0.2550,0.2253,11,36,4,200,16,176,31,990,0
multiwoz_MUL0176_turn6,multiwoz,la_streaming,extra_long,0.1220,0.0984,9,0,11,164,12,9,60,823,0
multiwoz_MUL0666_turn6,multiwoz,la_streaming,extra_long,0.2515,0.1300,20,3,18,163,21,14,72,823,0
crosswoz_11613_turn7,crosswoz,la_streaming,extra_long,0.2116,0.2116,22,24,5,241,22,24,5,241,0
crosswoz_8717_turn4,crosswoz,la_streaming,extra_long,0.0833,0.0833,18,1,2,252,18,1,2,252,0
crosswoz_10382_turn5,crosswoz,la_streaming,extra_long,0.0701,0.0701,14,4,1,271,14,4,1,271,0
crosswoz_11334_turn5,crosswoz,la_streaming,extra_long,0.0788,0.0788,16,0,3,241,16,0,3,241,0
multiwoz_MUL1353_turn5,multiwoz,la_streaming,extra_long,0.2267,0.1051,23,5,6,150,19,8,53,761,0
multiwoz_MUL1001_turn6,multiwoz,la_streaming,extra_long,0.1988,0.1512,12,11,11,171,7,57,70,886,0
multiwoz_MUL0789_turn5,multiwoz,la_streaming,extra_long,0.1837,0.0946,16,1,10,147,23,6,45,782,0
crosswoz_422_turn5,crosswoz,la_streaming,extra_long,0.0533,0.0533,11,1,1,244,11,1,1,244,0
crosswoz_8907_turn5,crosswoz,la_streaming,extra_long,0.0520,0.0520,13,0,1,269,13,0,1,269,0
multiwoz_MUL0084_turn6,multiwoz,la_streaming,extra_long,0.1615,0.1013,10,1,15,161,7,12,64,819,0
multiwoz_PMUL0460_turn5,multiwoz,la_streaming,extra_long,0.2201,0.1292,14,8,13,159,18,12,70,774,0
multiwoz_MUL1459_turn6,multiwoz,la_streaming,extra_long,0.1098,0.0712,7,0,11,164,6,1,51,815,0
multiwoz_MUL0711_turn6,multiwoz,la_streaming,extra_long,0.1313,0.0803,14,1,6,160,25,3,35,785,0
crosswoz_10197_turn5,crosswoz,la_streaming,extra_long,0.1155,0.1155,10,22,0,277,10,22,0,277,0
multiwoz_MUL0641_turn5,multiwoz,la_streaming,extra_long,0.2109,0.1283,12,1,18,147,9,5,82,748,0
multiwoz_MUL1377_turn4,multiwoz,la_streaming,extra_long,0.2074,0.1150,16,1,11,135,26,6,51,722,0
multiwoz_PMUL4499_turn6,multiwoz,la_streaming,extra_long,0.2500,0.1647,14,13,11,152,15,68,54,832,0
multiwoz_PMUL2034_turn4,multiwoz,la_streaming,extra_long,0.1862,0.1019,11,5,11,145,20,13,44,756,0
multiwoz_MUL1215_turn6,multiwoz,la_streaming,extra_long,0.2297,0.1393,16,2,16,148,19,4,88,797,0
multiwoz_MUL1332_turn7,multiwoz,la_streaming,extra_long,0.1772,0.1131,16,0,12,158,30,2,61,822,0
multiwoz_PMUL2034_turn5,multiwoz,la_streaming,extra_long,0.2866,0.2276,9,30,8,164,13,142,41,861,0
crosswoz_2228_turn5,crosswoz,la_streaming,extra_long,0.0558,0.0558,12,0,3,269,12,0,3,269,0
multiwoz_PMUL1904_turn7,multiwoz,la_streaming,extra_long,0.2604,0.1978,13,13,18,169,18,58,88,829,0
multiwoz_MUL1330_turn5,multiwoz,la_streaming,extra_long,0.1509,0.0929,11,1,12,159,22,5,52,850,0
multiwoz_MUL0069_turn6,multiwoz,la_streaming,extra_long,0.1111,0.0646,8,3,7,162,13,2,38,821,0
crosswoz_98_turn4,crosswoz,la_streaming,extra_long,0.0984,0.0984,23,0,1,244,23,0,1,244,0
crosswoz_8202_turn5,crosswoz,la_streaming,extra_long,0.0962,0.0962,21,3,1,260,21,3,1,260,0
crosswoz_8424_turn4,crosswoz,la_streaming,extra_long,0.0491,0.0491,10,0,3,265,10,0,3,265,0
multiwoz_MUL1320_turn8,multiwoz,la_streaming,extra_long,0.2577,0.2081,16,15,19,194,13,103,85,966,0
crosswoz_11893_turn5,crosswoz,la_streaming,extra_long,0.0607,0.0607,14,1,2,280,14,1,2,280,0
multiwoz_PMUL0085_turn6,multiwoz,la_streaming,extra_long,0.1943,0.1118,20,2,12,175,32,1,61,841,0
crosswoz_9956_turn8,crosswoz,la_streaming,extra_long,0.0664,0.0664,17,0,0,256,17,0,0,256,0
crosswoz_9577_turn5,crosswoz,la_streaming,extra_long,0.0519,0.0519,12,0,2,270,12,0,2,270,0
crosswoz_9173_turn5,crosswoz,la_streaming,extra_long,0.0331,0.0331,9,0,0,272,9,0,0,272,0
multiwoz_MUL0183_turn6,multiwoz,la_streaming,extra_long,0.1073,0.0676,8,5,6,177,17,12,30,873,0
multiwoz_MUL1003_turn6,multiwoz,la_streaming,extra_long,0.1404,0.0702,10,0,14,171,4,3,52,840,0
multiwoz_PMUL1745_turn7,multiwoz,la_streaming,extra_long,0.1117,0.0766,9,1,11,188,6,4,57,875,0
crosswoz_10574_turn6,crosswoz,la_streaming,extra_long,0.0521,0.0521,13,0,2,288,13,0,2,288,0
multiwoz_MUL1320_turn7,multiwoz,la_streaming,extra_long,0.2184,0.1281,19,0,19,174,21,5,86,874,0
crosswoz_1101_turn5,crosswoz,la_streaming,extra_long,0.1985,0.1985,11,40,1,262,11,40,1,262,0
multiwoz_MUL0874_turn6,multiwoz,la_streaming,extra_long,0.1656,0.0799,15,1,11,163,15,7,45,839,0
crosswoz_10749_turn5,crosswoz,la_streaming,extra_long,0.0534,0.0534,14,0,1,281,14,0,1,281,0
multiwoz_MUL1203_turn5,multiwoz,la_streaming,extra_long,0.1737,0.1009,14,1,14,167,17,11,61,882,0
crosswoz_9200_turn5,crosswoz,la_streaming,extra_long,0.0425,0.0425,8,0,3,259,8,0,3,259,0
multiwoz_PMUL2175_turn8,multiwoz,la_streaming,extra_long,0.2941,0.1530,26,1,23,170,44,4,85,869,0
multiwoz_PMUL4254_turn6,multiwoz,la_streaming,extra_long,0.1914,0.1329,13,8,10,162,22,42,46,828,0
crosswoz_10040_turn5,crosswoz,la_streaming,extra_long,0.0837,0.0837,18,0,4,263,18,0,4,263,0
multiwoz_MUL0193_turn5,multiwoz,la_streaming,extra_long,0.3067,0.1288,19,13,14,150,19,22,72,877,0
crosswoz_7310_turn5,crosswoz,la_streaming,extra_long,0.0612,0.0612,13,1,3,278,13,1,3,278,0
multiwoz_PMUL2296_turn5,multiwoz,la_streaming,extra_long,0.1714,0.0938,15,2,13,175,19,14,52,906,0
crosswoz_12299_turn5,crosswoz,la_streaming,extra_long,0.0766,0.0766,14,1,6,274,14,1,6,274,0
crosswoz_8796_turn4,crosswoz,la_streaming,extra_long,0.0942,0.0942,24,1,1,276,24,1,1,276,0
crosswoz_497_turn7,crosswoz,la_streaming,extra_long,0.0599,0.0599,13,1,2,267,13,1,2,267,0
multiwoz_MUL0023_turn6,multiwoz,la_streaming,extra_long,0.1718,0.1022,14,0,14,163,21,2,62,832,0
crosswoz_7652_turn4,crosswoz,la_streaming,extra_long,0.1168,0.1168,30,1,1,274,30,1,1,274,0
crosswoz_7701_turn5,crosswoz,la_streaming,extra_long,0.0511,0.0511,11,0,3,274,11,0,3,274,0
multiwoz_MUL0789_turn6,multiwoz,la_streaming,extra_long,0.1353,0.0782,10,1,12,170,21,1,49,908,0
crosswoz_8672_turn7,crosswoz,la_streaming,extra_long,0.0702,0.0702,16,3,1,285,16,3,1,285,0
crosswoz_3145_turn5,crosswoz,la_streaming,extra_long,0.0447,0.0447,12,0,1,291,12,0,1,291,0
multiwoz_PMUL2936_turn6,multiwoz,la_streaming,extra_long,0.1457,0.0990,10,3,9,151,12,25,45,828,0
multiwoz_MUL2174_turn8,multiwoz,la_streaming,extra_long,0.1863,0.0924,11,1,18,161,18,4,55,833,0
crosswoz_11334_turn6,crosswoz,la_streaming,extra_long,0.1000,0.1000,22,1,4,270,22,1,4,270,0
multiwoz_PMUL2319_turn5,multiwoz,la_streaming,extra_long,0.1813,0.0978,17,1,13,171,17,8,62,890,0
crosswoz_10296_turn6,crosswoz,la_streaming,extra_long,0.0385,0.0385,9,0,2,286,9,0,2,286,0
multiwoz_PMUL2034_turn6,multiwoz,la_streaming,extra_long,0.2591,0.2061,11,32,7,193,11,161,37,1014,0
crosswoz_10197_turn6,crosswoz,la_streaming,extra_long,0.1089,0.1089,12,20,1,303,12,20,1,303,0
crosswoz_12298_turn5,crosswoz,la_streaming,extra_long,0.0378,0.0378,9,1,1,291,9,1,1,291,0
crosswoz_11361_turn5,crosswoz,la_streaming,extra_long,0.0550,0.0550,11,3,2,291,11,3,2,291,0
multiwoz_PMUL0271_turn6,multiwoz,la_streaming,extra_long,0.0929,0.0610,10,0,7,183,10,9,38,934,0
crosswoz_11592_turn4,crosswoz,la_streaming,extra_long,0.3205,0.3205,35,46,2,259,35,46,2,259,0
crosswoz_422_turn6,crosswoz,la_streaming,extra_long,0.0636,0.0636,17,0,1,283,17,0,1,283,0
multiwoz_PMUL3103_turn9,multiwoz,la_streaming,extra_long,0.3288,0.2500,18,36,18,219,32,184,70,1144,0
crosswoz_9956_turn9,crosswoz,la_streaming,extra_long,0.1111,0.1111,19,12,1,288,19,12,1,288,0
multiwoz_MUL0076_turn6,multiwoz,la_streaming,extra_long,0.2402,0.1030,19,0,24,179,16,1,76,903,0
crosswoz_10749_turn6,crosswoz,la_streaming,extra_long,0.0418,0.0418,12,0,1,311,12,0,1,311,0
crosswoz_11730_turn5,crosswoz,la_streaming,extra_long,0.2148,0.2148,32,30,2,298,32,30,2,298,0
multiwoz_MUL1152_turn6,multiwoz,la_streaming,extra_long,0.1722,0.1059,16,0,15,180,14,8,79,954,0
multiwoz_MUL1377_turn5,multiwoz,la_streaming,extra_long,0.1795,0.1063,14,2,12,156,32,11,46,837,0
crosswoz_9138_turn5,crosswoz,la_streaming,extra_long,0.0444,0.0444,11,1,2,315,11,1,2,315,0
multiwoz_PMUL4885_turn7,multiwoz,la_streaming,extra_long,0.1648,0.1167,14,1,14,176,18,2,79,848,0
crosswoz_11735_turn5,crosswoz,la_streaming,extra_long,0.0264,0.0264,7,0,1,303,7,0,1,303,0
multiwoz_PMUL0237_turn7,multiwoz,la_streaming,extra_long,0.1790,0.1049,15,1,13,162,20,7,65,877,0
crosswoz_11406_turn6,crosswoz,la_streaming,extra_long,0.0872,0.0872,21,0,5,298,21,0,5,298,0
crosswoz_12315_turn6,crosswoz,la_streaming,extra_long,0.0797,0.0797,21,2,1,301,21,2,1,301,0
multiwoz_MUL1353_turn6,multiwoz,la_streaming,extra_long,0.1559,0.1084,18,1,10,186,24,0,78,941,0
multiwoz_MUL1191_turn6,multiwoz,la_streaming,extra_long,0.2299,0.1475,19,1,23,187,19,4,112,915,0
crosswoz_11248_turn4,crosswoz,la_streaming,extra_long,0.0386,0.0386,10,1,1,311,10,1,1,311,0
crosswoz_8202_turn6,crosswoz,la_streaming,extra_long,0.0762,0.0762,19,3,1,302,19,3,1,302,0
crosswoz_11893_turn6,crosswoz,la_streaming,extra_long,0.0530,0.0530,13,2,2,321,13,2,2,321,0
crosswoz_7196_turn5,crosswoz,la_streaming,extra_long,0.0939,0.0939,23,2,4,309,23,2,4,309,0
crosswoz_10661_turn6,crosswoz,la_streaming,extra_long,0.0658,0.0658,15,4,1,304,15,4,1,304,0
crosswoz_9173_turn6,crosswoz,la_streaming,extra_long,0.0295,0.0295,9,0,0,305,9,0,0,305,0
crosswoz_12299_turn6,crosswoz,la_streaming,extra_long,0.0641,0.0641,15,1,4,312,15,1,4,312,0
crosswoz_12011_turn5,crosswoz,la_streaming,extra_long,0.0597,0.0597,18,0,1,318,18,0,1,318,0
crosswoz_7701_turn6,crosswoz,la_streaming,extra_long,0.2442,0.2442,33,38,3,303,33,38,3,303,0
crosswoz_8707_turn5,crosswoz,la_streaming,extra_long,0.1156,0.1156,9,23,2,294,9,23,2,294,0
crosswoz_98_turn5,crosswoz,la_streaming,extra_long,0.1047,0.1047,26,0,5,296,26,0,5,296,0
crosswoz_9577_turn6,crosswoz,la_streaming,extra_long,0.0606,0.0606,17,1,2,330,17,1,2,330,0
crosswoz_10296_turn7,crosswoz,la_streaming,extra_long,0.0400,0.0400,11,0,2,325,11,0,2,325,0
crosswoz_7310_turn6,crosswoz,la_streaming,extra_long,0.0557,0.0557,12,3,3,323,12,3,3,323,0
crosswoz_9033_turn6,crosswoz,la_streaming,extra_long,0.0526,0.0526,14,2,1,323,14,2,1,323,0
crosswoz_11592_turn5,crosswoz,la_streaming,extra_long,0.2467,0.2467,39,34,1,300,39,34,1,300,0
crosswoz_11730_turn6,crosswoz,la_streaming,extra_long,0.1511,0.1511,16,31,3,331,16,31,3,331,0
crosswoz_497_turn8,crosswoz,la_streaming,extra_long,0.0588,0.0588,16,0,3,323,16,0,3,323,0
crosswoz_8424_turn5,crosswoz,la_streaming,extra_long,0.0517,0.0517,14,0,3,329,14,0,3,329,0
crosswoz_8436_turn5,crosswoz,la_streaming,extra_long,0.0483,0.0483,14,0,2,331,14,0,2,331,0
crosswoz_10382_turn6,crosswoz,la_streaming,extra_long,0.2762,0.2762,39,53,3,344,39,53,3,344,0
crosswoz_8907_turn6,crosswoz,la_streaming,extra_long,0.0597,0.0597,19,0,2,352,19,0,2,352,0
crosswoz_10331_turn5,crosswoz,la_streaming,extra_long,0.0649,0.0649,21,0,1,339,21,0,1,339,0
crosswoz_8672_turn8,crosswoz,la_streaming,extra_long,0.0557,0.0557,17,0,2,341,17,0,2,341,0
crosswoz_9365_turn6,crosswoz,la_streaming,extra_long,0.0742,0.0742,23,0,2,337,23,0,2,337,0
crosswoz_9200_turn6,crosswoz,la_streaming,extra_long,0.0186,0.0186,6,0,0,323,6,0,0,323,0
crosswoz_11613_turn8,crosswoz,la_streaming,extra_long,0.0617,0.0617,12,2,6,324,12,2,6,324,0
crosswoz_11334_turn7,crosswoz,la_streaming,extra_long,0.0964,0.0964,18,11,3,332,18,11,3,332,0
crosswoz_962_turn5,crosswoz,la_streaming,extra_long,0.0948,0.0948,24,1,6,327,24,1,6,327,0
crosswoz_10574_turn7,crosswoz,la_streaming,extra_long,0.0541,0.0541,15,2,2,351,15,2,2,351,0
crosswoz_11613_turn9,crosswoz,la_streaming,extra_long,0.2689,0.2689,33,60,3,357,33,60,3,357,0
crosswoz_10197_turn7,crosswoz,la_streaming,extra_long,0.1080,0.1080,19,20,0,361,19,20,0,361,0
crosswoz_11248_turn5,crosswoz,la_streaming,extra_long,0.0426,0.0426,9,5,1,352,9,5,1,352,0
crosswoz_11735_turn6,crosswoz,la_streaming,extra_long,0.0471,0.0471,15,0,1,340,15,0,1,340,0
crosswoz_3145_turn6,crosswoz,la_streaming,extra_long,0.0511,0.0511,17,0,1,352,17,0,1,352,0
crosswoz_8202_turn7,crosswoz,la_streaming,extra_long,0.0629,0.0629,18,3,1,350,18,3,1,350,0
crosswoz_9173_turn7,crosswoz,la_streaming,extra_long,0.0605,0.0605,17,3,1,347,17,3,1,347,0
crosswoz_422_turn7,crosswoz,la_streaming,extra_long,0.0693,0.0693,22,0,1,332,22,0,1,332,0
crosswoz_12315_turn7,crosswoz,la_streaming,extra_long,0.0805,0.0805,25,0,3,348,25,0,3,348,0
crosswoz_1101_turn6,crosswoz,la_streaming,extra_long,0.1392,0.1392,20,27,2,352,20,27,2,352,0
crosswoz_10749_turn7,crosswoz,la_streaming,extra_long,0.0511,0.0511,14,1,4,372,14,1,4,372,0
crosswoz_9138_turn6,crosswoz,la_streaming,extra_long,0.0428,0.0428,14,0,2,374,14,0,2,374,0
crosswoz_9275_turn4,crosswoz,la_streaming,extra_long,0.0823,0.0823,23,1,3,328,23,1,3,328,0
crosswoz_11406_turn7,crosswoz,la_streaming,extra_long,0.0752,0.0752,23,0,4,359,23,0,4,359,0
crosswoz_10661_turn7,crosswoz,la_streaming,extra_long,0.0604,0.0604,18,4,0,364,18,4,0,364,0
crosswoz_11730_turn7,crosswoz,la_streaming,extra_long,0.1520,0.1520,20,35,2,375,20,35,2,375,0
crosswoz_10382_turn7,crosswoz,la_streaming,extra_long,0.2345,0.2345,36,52,3,388,36,52,3,388,0
crosswoz_8707_turn6,crosswoz,la_streaming,extra_long,0.2535,0.2535,29,60,1,355,29,60,1,355,0
crosswoz_9394_turn5,crosswoz,la_streaming,extra_long,0.0997,0.0997,28,1,7,361,28,1,7,361,0
crosswoz_10296_turn8,crosswoz,la_streaming,extra_long,0.0375,0.0375,12,0,2,373,12,0,2,373,0
crosswoz_9080_turn6,crosswoz,la_streaming,extra_long,0.0546,0.0546,16,0,4,366,16,0,4,366,0
crosswoz_7701_turn7,crosswoz,la_streaming,extra_long,0.0499,0.0499,15,0,3,361,15,0,3,361,0
crosswoz_8796_turn5,crosswoz,la_streaming,extra_long,0.0907,0.0907,27,0,6,364,27,0,6,364,0
crosswoz_11893_turn7,crosswoz,la_streaming,extra_long,0.0453,0.0453,13,1,4,397,13,1,4,397,0
crosswoz_8202_turn9,crosswoz,la_streaming,extra_long,0.1863,0.1863,27,52,0,424,27,52,0,424,0
crosswoz_7310_turn7,crosswoz,la_streaming,extra_long,0.1527,0.1527,24,35,3,406,24,35,3,406,0
crosswoz_12299_turn7,crosswoz,la_streaming,extra_long,0.0744,0.0744,18,1,10,390,18,1,10,390,0
crosswoz_7196_turn6,crosswoz,la_streaming,extra_long,0.1640,0.1640,35,23,4,378,35,23,4,378,0
crosswoz_98_turn6,crosswoz,la_streaming,extra_long,0.0974,0.0974,31,0,3,349,31,0,3,349,0
crosswoz_8717_turn5,crosswoz,la_streaming,extra_long,0.1014,0.1014,31,3,3,365,31,3,3,365,0
crosswoz_11334_turn8,crosswoz,la_streaming,extra_long,0.0593,0.0593,18,1,3,371,18,1,3,371,0
crosswoz_10574_turn8,crosswoz,la_streaming,extra_long,0.0521,0.0521,10,9,2,403,10,9,2,403,0
crosswoz_8707_turn7,crosswoz,la_streaming,extra_long,0.2200,0.2200,9,77,2,400,9,77,2,400,0
crosswoz_7701_turn8,crosswoz,la_streaming,extra_long,0.0863,0.0863,22,9,3,394,22,9,3,394,0
crosswoz_9577_turn7,crosswoz,la_streaming,extra_long,0.0319,0.0319,10,0,3,407,10,0,3,407,0
crosswoz_12298_turn6,crosswoz,la_streaming,extra_long,0.0563,0.0563,21,0,1,391,21,0,1,391,0
crosswoz_11406_turn8,crosswoz,la_streaming,extra_long,0.0897,0.0897,29,2,4,390,29,2,4,390,0
crosswoz_12011_turn6,crosswoz,la_streaming,extra_long,0.3641,0.3641,40,105,1,401,40,105,1,401,0
crosswoz_8202_turn8,crosswoz,la_streaming,extra_long,0.0631,0.0631,22,1,2,396,22,1,2,396,0
crosswoz_8672_turn9,crosswoz,la_streaming,extra_long,0.4275,0.4275,54,119,1,407,54,119,1,407,0
crosswoz_10296_turn9,crosswoz,la_streaming,extra_long,0.0325,0.0325,11,0,2,400,11,0,2,400,0
crosswoz_7652_turn5,crosswoz,la_streaming,extra_long,0.0980,0.0980,36,1,2,398,36,1,2,398,0
crosswoz_11592_turn6,crosswoz,la_streaming,extra_long,0.1928,0.1928,42,24,4,363,42,24,4,363,0
crosswoz_2228_turn7,crosswoz,la_streaming,extra_long,0.0431,0.0431,14,1,3,418,14,1,3,418,0
crosswoz_12315_turn8,crosswoz,la_streaming,extra_long,0.0678,0.0678,25,1,1,398,25,1,1,398,0
crosswoz_9033_turn7,crosswoz,la_streaming,extra_long,0.1005,0.1005,34,3,3,398,34,3,3,398,0
crosswoz_9275_turn5,crosswoz,la_streaming,extra_long,0.0740,0.0740,21,2,4,365,21,2,4,365,0
crosswoz_10749_turn8,crosswoz,la_streaming,extra_long,0.0458,0.0458,17,0,2,415,17,0,2,415,0
crosswoz_8907_turn7,crosswoz,la_streaming,extra_long,0.0556,0.0556,21,2,1,432,21,2,1,432,0
crosswoz_11730_turn8,crosswoz,la_streaming,extra_long,0.0498,0.0498,18,1,2,422,18,1,2,422,0
crosswoz_9200_turn7,crosswoz,la_streaming,extra_long,0.0375,0.0375,14,0,1,400,14,0,1,400,0
crosswoz_9365_turn7,crosswoz,la_streaming,extra_long,0.0572,0.0572,21,0,2,402,21,0,2,402,0
crosswoz_10197_turn8,crosswoz,la_streaming,extra_long,0.0993,0.0993,15,29,0,443,15,29,0,443,0
crosswoz_10574_turn9,crosswoz,la_streaming,extra_long,0.0370,0.0370,11,1,4,433,11,1,4,433,0
crosswoz_10040_turn7,crosswoz,la_streaming,extra_long,0.0923,0.0923,26,2,8,390,26,2,8,390,0
crosswoz_3145_turn7,crosswoz,la_streaming,extra_long,0.0531,0.0531,18,1,3,414,18,1,3,414,0
crosswoz_9080_turn7,crosswoz,la_streaming,extra_long,0.0499,0.0499,17,1,3,421,17,1,3,421,0
crosswoz_11248_turn6,crosswoz,la_streaming,extra_long,0.0609,0.0609,16,7,3,427,16,7,3,427,0
crosswoz_1101_turn7,crosswoz,la_streaming,extra_long,0.0902,0.0902,32,0,4,399,32,0,4,399,0
crosswoz_8796_turn6,crosswoz,la_streaming,extra_long,0.0858,0.0858,28,0,7,408,28,0,7,408,0
crosswoz_8424_turn6,crosswoz,la_streaming,extra_long,0.0546,0.0546,20,0,3,421,20,0,3,421,0
crosswoz_8436_turn6,crosswoz,la_streaming,extra_long,0.0483,0.0483,17,1,2,414,17,1,2,414,0
crosswoz_98_turn7,crosswoz,la_streaming,extra_long,0.0990,0.0990,32,2,5,394,32,2,5,394,0
crosswoz_10382_turn8,crosswoz,la_streaming,extra_long,0.0773,0.0773,24,4,6,440,24,4,6,440,0
crosswoz_11361_turn7,crosswoz,la_streaming,extra_long,0.0803,0.0803,28,1,4,411,28,1,4,411,0
crosswoz_7196_turn7,crosswoz,la_streaming,extra_long,0.0845,0.0845,27,0,10,438,27,0,10,438,0
crosswoz_12315_turn9,crosswoz,la_streaming,extra_long,0.1253,0.1253,28,27,1,447,28,27,1,447,0
crosswoz_8672_turn10,crosswoz,la_streaming,extra_long,0.1352,0.1352,32,24,2,429,32,24,2,429,0
crosswoz_11893_turn8,crosswoz,la_streaming,extra_long,0.0545,0.0545,17,3,4,440,17,3,4,440,0
crosswoz_422_turn8,crosswoz,la_streaming,extra_long,0.0752,0.0752,28,0,3,412,28,0,3,412,0
crosswoz_11334_turn9,crosswoz,la_streaming,extra_long,0.0713,0.0713,19,3,7,407,19,3,7,407,0
crosswoz_12299_turn8,crosswoz,la_streaming,extra_long,0.0614,0.0614,20,1,6,440,20,1,6,440,0
crosswoz_12011_turn7,crosswoz,la_streaming,extra_long,0.0747,0.0747,31,0,2,442,31,0,2,442,0
crosswoz_497_turn9,crosswoz,la_streaming,extra_long,0.0386,0.0386,12,1,3,414,12,1,3,414,0
crosswoz_1101_turn8,crosswoz,la_streaming,extra_long,0.1152,0.1152,23,25,2,434,23,25,2,434,0
crosswoz_9956_turn10,crosswoz,la_streaming,extra_long,0.1278,0.1278,30,11,11,407,30,11,11,407,0
crosswoz_10661_turn8,crosswoz,la_streaming,extra_long,0.0750,0.0750,23,4,6,440,23,4,6,440,0
crosswoz_3145_turn8,crosswoz,la_streaming,extra_long,0.3347,0.3347,32,127,1,478,32,127,1,478,0
crosswoz_10749_turn9,crosswoz,la_streaming,extra_long,0.0593,0.0593,21,1,5,455,21,1,5,455,0
crosswoz_9173_turn8,crosswoz,la_streaming,extra_long,0.2573,0.2573,35,77,2,443,35,77,2,443,0
crosswoz_10197_turn9,crosswoz,la_streaming,extra_long,0.1127,0.1127,20,34,0,479,20,34,0,479,0
crosswoz_9200_turn8,crosswoz,la_streaming,extra_long,0.0320,0.0320,12,1,1,437,12,1,1,437,0
crosswoz_12298_turn7,crosswoz,la_streaming,extra_long,0.0584,0.0584,25,1,0,445,25,1,0,445,0
crosswoz_10296_turn10,crosswoz,la_streaming,extra_long,0.0449,0.0449,18,0,2,445,18,0,2,445,0
crosswoz_9956_turn11,crosswoz,la_streaming,extra_long,0.1391,0.1391,30,22,11,453,30,22,11,453,0
crosswoz_8717_turn6,crosswoz,la_streaming,extra_long,0.1187,0.1187,34,15,3,438,34,15,3,438,0
crosswoz_11406_turn9,crosswoz,la_streaming,extra_long,0.0652,0.0652,26,0,3,445,26,0,3,445,0
crosswoz_10331_turn6,crosswoz,la_streaming,extra_long,0.0680,0.0680,28,0,2,441,28,0,2,441,0
crosswoz_11592_turn7,crosswoz,la_streaming,extra_long,0.0870,0.0870,27,5,4,414,27,5,4,414,0
crosswoz_11735_turn7,crosswoz,la_streaming,extra_long,0.0482,0.0482,19,1,1,436,19,1,1,436,0
crosswoz_962_turn6,crosswoz,la_streaming,extra_long,0.1236,0.1236,31,18,8,461,31,18,8,461,0
crosswoz_9577_turn8,crosswoz,la_streaming,extra_long,0.0530,0.0530,19,3,3,472,19,3,3,472,0
crosswoz_7196_turn8,crosswoz,la_streaming,extra_long,0.0541,0.0541,20,1,4,462,20,1,4,462,0
crosswoz_7701_turn9,crosswoz,la_streaming,extra_long,0.0583,0.0583,23,0,3,446,23,0,3,446,0
crosswoz_11613_turn10,crosswoz,la_streaming,extra_long,0.1236,0.1236,26,23,7,453,26,23,7,453,0
crosswoz_8907_turn8,crosswoz,la_streaming,extra_long,0.0830,0.0830,30,9,2,494,30,9,2,494,0
crosswoz_2228_turn8,crosswoz,la_streaming,extra_long,0.0560,0.0560,22,2,3,482,22,2,3,482,0
crosswoz_9033_turn8,crosswoz,la_streaming,extra_long,0.0699,0.0699,27,3,2,458,27,3,2,458,0
crosswoz_10040_turn8,crosswoz,la_streaming,extra_long,0.0935,0.0935,32,2,9,460,32,2,9,460,0
crosswoz_9080_turn8,crosswoz,la_streaming,extra_long,0.0681,0.0681,25,4,3,470,25,4,3,470,0
crosswoz_11730_turn9,crosswoz,la_streaming,extra_long,0.2366,0.2366,38,75,2,486,38,75,2,486,0
crosswoz_10661_turn9,crosswoz,la_streaming,extra_long,0.0640,0.0640,27,4,0,484,27,4,0,484,0
crosswoz_9138_turn7,crosswoz,la_streaming,extra_long,0.0523,0.0523,21,2,3,497,21,2,3,497,0
crosswoz_11592_turn8,crosswoz,la_streaming,extra_long,0.0674,0.0674,25,2,3,445,25,2,3,445,0
crosswoz_10749_turn10,crosswoz,la_streaming,extra_long,0.2276,0.2276,38,72,2,492,38,72,2,492,0
crosswoz_8707_turn8,crosswoz,la_streaming,extra_long,0.1660,0.1660,22,57,2,488,22,57,2,488,0
crosswoz_11334_turn10,crosswoz,la_streaming,extra_long,0.0814,0.0814,23,10,5,467,23,10,5,467,0
crosswoz_10382_turn9,crosswoz,la_streaming,extra_long,0.0676,0.0676,24,4,6,503,24,4,6,503,0
crosswoz_8796_turn7,crosswoz,la_streaming,extra_long,0.0729,0.0729,25,0,10,480,25,0,10,480,0
crosswoz_497_turn10,crosswoz,la_streaming,extra_long,0.0642,0.0642,21,4,5,467,21,4,5,467,0
crosswoz_8202_turn10,crosswoz,la_streaming,extra_long,0.0482,0.0482,20,2,2,498,20,2,2,498,0
multiwoz_MUL1152_turn2,multiwoz,streaming,long,0.1515,0.0884,3,2,0,33,3,5,8,181,0
multiwoz_MUL1152_turn2,multiwoz,non-streaming,long,0.1515,0.0552,5,0,0,33,5,1,4,181,0
multiwoz_PMUL2936_turn2,multiwoz,streaming,long,0.0500,0.0050,1,1,0,40,0,1,0,201,0
multiwoz_PMUL2936_turn2,multiwoz,non-streaming,long,0.0000,0.0000,0,0,0,40,0,0,0,201,0
crosswoz_11613_turn2,crosswoz,streaming,long,0.0508,0.0508,2,0,1,59,2,0,1,59,0
crosswoz_11613_turn2,crosswoz,non-streaming,long,0.0678,0.0678,3,0,1,59,3,0,1,59,0
multiwoz_MUL0084_turn2,multiwoz,streaming,long,0.2927,0.1451,7,2,3,41,12,0,16,193,0
multiwoz_MUL0084_turn2,multiwoz,non-streaming,long,0.2927,0.1451,7,1,4,41,10,0,18,193,0
multiwoz_PMUL2130_turn2,multiwoz,streaming,long,0.1053,0.0558,3,1,0,38,8,1,2,197,0
multiwoz_PMUL2130_turn2,multiwoz,non-streaming,long,0.0789,0.0457,2,0,1,38,7,0,2,197,0
multiwoz_MUL2174_turn2,multiwoz,streaming,long,0.1351,0.0450,3,2,0,37,4,3,2,200,0
multiwoz_MUL2174_turn2,multiwoz,non-streaming,long,0.1081,0.0550,2,1,1,37,4,2,5,200,0
multiwoz_PMUL0460_turn2,multiwoz,streaming,long,0.3256,0.1436,5,3,6,43,4,1,24,202,0
multiwoz_PMUL0460_turn2,multiwoz,non-streaming,long,0.2791,0.1436,4,2,6,43,4,0,25,202,0
crosswoz_11735_turn2,crosswoz,streaming,long,0.0441,0.0441,2,0,1,68,2,0,1,68,0
crosswoz_11735_turn2,crosswoz,non-streaming,long,0.0441,0.0441,2,0,1,68,2,0,1,68,0
multiwoz_PMUL4612_turn2,multiwoz,streaming,long,0.0784,0.0163,3,1,0,51,3,1,0,246,0
multiwoz_PMUL4612_turn2,multiwoz,non-streaming,long,0.0392,0.0122,2,0,0,51,3,0,0,246,0
multiwoz_MUL0076_turn2,multiwoz,streaming,long,0.1111,0.0127,4,1,0,45,0,2,1,236,0
multiwoz_MUL0076_turn2,multiwoz,non-streaming,long,0.0667,0.0085,3,0,0,45,0,1,1,236,0
crosswoz_9200_turn2,crosswoz,streaming,long,0.0896,0.0896,5,0,1,67,5,0,1,67,0
crosswoz_9200_turn2,crosswoz,non-streaming,long,0.1194,0.1194,7,0,1,67,7,0,1,67,0
multiwoz_PMUL3103_turn2,multiwoz,streaming,long,0.2439,0.1937,4,1,5,41,9,0,28,191,0
multiwoz_PMUL3103_turn2,multiwoz,non-streaming,long,0.2195,0.1885,4,0,5,41,7,0,29,191,0
multiwoz_MUL2016_turn2,multiwoz,streaming,long,0.1957,0.0628,7,1,1,46,2,1,11,223,0
multiwoz_MUL2016_turn2,multiwoz,non-streaming,long,0.1304,0.0628,2,0,4,46,0,0,14,223,0
crosswoz_12315_turn2,crosswoz,streaming,long,0.0667,0.0667,4,1,0,75,4,1,0,75,0
crosswoz_12315_turn2,crosswoz,non-streaming,long,0.0667,0.0667,4,1,0,75,4,1,0,75,0
crosswoz_9365_turn2,crosswoz,streaming,long,0.0845,0.0845,5,0,1,71,5,0,1,71,0
crosswoz_9365_turn2,crosswoz,non-streaming,long,0.0423,0.0423,2,0,1,71,2,0,1,71,0
multiwoz_PMUL0237_turn3,multiwoz,streaming,long,0.1463,0.0476,5,1,0,41,4,5,2,231,0
multiwoz_PMUL0237_turn3,multiwoz,non-streaming,long,0.1463,0.0563,5,1,0,41,7,5,1,231,0
multiwoz_PMUL2319_turn2,multiwoz,streaming,long,0.0517,0.0112,2,1,0,58,0,1,2,269,0
multiwoz_PMUL2319_turn2,multiwoz,non-streaming,long,0.0172,0.0074,1,0,0,58,0,0,2,269,0
multiwoz_PMUL4499_turn2,multiwoz,streaming,long,0.0465,0.0043,1,1,0,43,0,1,0,232,0
multiwoz_PMUL4499_turn2,multiwoz,non-streaming,long,0.0233,0.0086,1,0,0,43,2,0,0,232,0
multiwoz_MUL1031_turn2,multiwoz,streaming,long,0.1163,0.0295,3,1,1,43,0,1,6,237,0
multiwoz_MUL1031_turn2,multiwoz,non-streaming,long,0.1163,0.0717,3,0,2,43,2,0,15,237,0
crosswoz_8717_turn2,crosswoz,streaming,long,0.0533,0.0533,3,0,1,75,3,0,1,75,0
crosswoz_8717_turn2,crosswoz,non-streaming,long,0.0533,0.0533,3,0,1,75,3,0,1,75,0
crosswoz_9394_turn2,crosswoz,streaming,long,0.1143,0.1143,8,0,0,70,8,0,0,70,0
crosswoz_9394_turn2,crosswoz,non-streaming,long,0.1429,0.1429,10,0,0,70,10,0,0,70,0
multiwoz_MUL1001_turn2,multiwoz,streaming,long,0.1957,0.0966,4,2,3,46,3,4,16,238,0
multiwoz_MUL1001_turn2,multiwoz,non-streaming,long,0.1522,0.0588,4,1,2,46,1,4,9,238,0
multiwoz_MUL1320_turn3,multiwoz,streaming,long,0.1250,0.0342,3,1,2,48,2,1,5,234,0
multiwoz_MUL1320_turn3,multiwoz,non-streaming,long,0.0833,0.0299,2,0,2,48,3,0,4,234,0
multiwoz_MUL1191_turn2,multiwoz,streaming,long,0.2549,0.0943,7,2,4,51,8,4,11,244,0
multiwoz_MUL1191_turn2,multiwoz,non-streaming,long,0.2549,0.0984,9,1,3,51,9,4,11,244,0
crosswoz_10382_turn2,crosswoz,streaming,long,0.0658,0.0658,3,0,2,76,3,0,2,76,0
crosswoz_10382_turn2,crosswoz,non-streaming,long,0.0658,0.0658,3,0,2,76,3,0,2,76,0
crosswoz_7310_turn2,crosswoz,streaming,long,0.0959,0.0959,4,1,2,73,4,1,2,73,0
crosswoz_7310_turn2,crosswoz,non-streaming,long,0.1096,0.1096,5,1,2,73,5,1,2,73,0
crosswoz_10661_turn2,crosswoz,streaming,long,0.0375,0.0375,3,0,0,80,3,0,0,80,0
crosswoz_10661_turn2,crosswoz,non-streaming,long,0.0375,0.0375,3,0,0,80,3,0,0,80,0
crosswoz_7701_turn2,crosswoz,streaming,long,0.0400,0.0400,2,0,1,75,2,0,1,75,0
crosswoz_7701_turn2,crosswoz,non-streaming,long,0.0400,0.0400,2,0,1,75,2,0,1,75,0
crosswoz_9956_turn3,crosswoz,streaming,long,0.0145,0.0145,1,0,0,69,1,0,0,69,0
crosswoz_9956_turn3,crosswoz,non-streaming,long,0.0145,0.0145,1,0,0,69,1,0,0,69,0
crosswoz_8424_turn2,crosswoz,streaming,long,0.0260,0.0260,2,0,0,77,2,0,0,77,0
crosswoz_8424_turn2,crosswoz,non-streaming,long,0.0260,0.0260,2,0,0,77,2,0,0,77,0
multiwoz_MUL1459_turn2,multiwoz,streaming,long,0.0862,0.0216,2,1,2,58,0,1,5,278,0
multiwoz_MUL1459_turn2,multiwoz,non-streaming,long,0.0517,0.0180,1,0,2,58,0,0,5,278,0
multiwoz_PMUL2175_turn2,multiwoz,streaming,long,0.1400,0.1036,7,0,0,50,16,11,2,280,0
multiwoz_PMUL2175_turn2,multiwoz,non-streaming,long,0.1600,0.1000,6,0,2,50,18,8,2,280,0
crosswoz_11406_turn2,crosswoz,streaming,long,0.0886,0.0886,6,0,1,79,6,0,1,79,0
crosswoz_11406_turn2,crosswoz,non-streaming,long,0.0886,0.0886,6,0,1,79,6,0,1,79,0
multiwoz_MUL2157_turn2,multiwoz,streaming,long,0.2308,0.1111,4,1,7,52,4,0,25,261,0
multiwoz_MUL2157_turn2,multiwoz,non-streaming,long,0.2308,0.1149,5,0,7,52,3,0,27,261,0
multiwoz_MUL1330_turn2,multiwoz,streaming,long,0.1091,0.0479,3,1,2,55,11,1,2,292,0
multiwoz_MUL1330_turn2,multiwoz,non-streaming,long,0.0727,0.0445,2,0,2,55,11,0,2,292,0
crosswoz_497_turn2,crosswoz,streaming,long,0.0706,0.0706,5,0,1,85,5,0,1,85,0
crosswoz_497_turn2,crosswoz,non-streaming,long,0.0471,0.0471,3,0,1,85,3,0,1,85,0
crosswoz_10197_turn2,crosswoz,streaming,long,0.0361,0.0361,3,0,0,83,3,0,0,83,0
crosswoz_10197_turn2,crosswoz,non-streaming,long,0.0361,0.0361,3,0,0,83,3,0,0,83,0
crosswoz_962_turn2,crosswoz,streaming,long,0.0732,0.0732,5,0,1,82,5,0,1,82,0
crosswoz_962_turn2,crosswoz,non-streaming,long,0.0610,0.0610,4,0,1,82,4,0,1,82,0
multiwoz_MUL1003_turn3,multiwoz,streaming,long,0.0339,0.0035,1,1,0,59,0,1,0,289,0
multiwoz_MUL1003_turn3,multiwoz,non-streaming,long,0.0000,0.0000,0,0,0,59,0,0,0,289,0
crosswoz_2228_turn2,crosswoz,streaming,long,0.0864,0.0864,6,0,1,81,6,0,1,81,0
crosswoz_2228_turn2,crosswoz,non-streaming,long,0.0617,0.0617,4,0,1,81,4,0,1,81,0
crosswoz_10574_turn2,crosswoz,streaming,long,0.0610,0.0610,4,0,1,82,4,0,1,82,0
crosswoz_10574_turn2,crosswoz,non-streaming,long,0.0610,0.0610,4,0,1,82,4,0,1,82,0
crosswoz_422_turn2,crosswoz,streaming,long,0.0353,0.0353,3,0,0,85,3,0,0,85,0
crosswoz_422_turn2,crosswoz,non-streaming,long,0.0471,0.0471,4,0,0,85,4,0,0,85,0
multiwoz_MUL0789_turn2,multiwoz,streaming,long,0.2157,0.0887,7,2,2,51,7,6,9,248,0
multiwoz_MUL0789_turn2,multiwoz,non-streaming,long,0.1373,0.0565,4,1,2,51,3,5,6,248,0
multiwoz_PMUL0322_turn3,multiwoz,streaming,long,0.2000,0.0699,7,3,1,55,6,8,5,272,0
multiwoz_PMUL0322_turn3,multiwoz,non-streaming,long,0.1273,0.0588,5,2,0,55,6,7,3,272,0
multiwoz_MUL0711_turn2,multiwoz,streaming,long,0.1071,0.0353,4,1,1,56,4,1,4,255,0
multiwoz_MUL0711_turn2,multiwoz,non-streaming,long,0.1071,0.0235,4,2,0,56,3,3,0,255,0
crosswoz_7196_turn2,crosswoz,streaming,long,0.0870,0.0870,7,0,1,92,7,0,1,92,0
crosswoz_7196_turn2,crosswoz,non-streaming,long,0.0870,0.0870,7,0,1,92,7,0,1,92,0
multiwoz_MUL0666_turn2,multiwoz,streaming,long,0.2364,0.0655,9,0,4,55,2,1,15,275,0
multiwoz_MUL0666_turn2,multiwoz,non-streaming,long,0.2000,0.0618,6,0,5,55,2,0,15,275,0
multiwoz_MUL0641_turn2,multiwoz,streaming,long,0.1250,0.0345,5,1,1,56,7,1,2,290,0
multiwoz_MUL0641_turn2,multiwoz,non-streaming,long,0.1071,0.0310,5,0,1,56,5,1,3,290,0
crosswoz_1101_turn2,crosswoz,streaming,long,0.0886,0.0886,6,0,1,79,6,0,1,79,0
crosswoz_1101_turn2,crosswoz,non-streaming,long,0.0759,0.0759,5,0,1,79,5,0,1,79,0
multiwoz_PMUL0237_turn4,multiwoz,streaming,long,0.1379,0.0319,4,3,1,58,1,8,1,313,0
multiwoz_PMUL0237_turn4,multiwoz,non-streaming,long,0.1034,0.0288,3,2,1,58,1,7,1,313,0
crosswoz_8707_turn2,crosswoz,streaming,long,0.0000,0.0000,0,0,0,86,0,0,0,86,0
crosswoz_8707_turn2,crosswoz,non-streaming,long,0.0000,0.0000,0,0,0,86,0,0,0,86,0
crosswoz_8907_turn2,crosswoz,streaming,long,0.0645,0.0645,5,0,1,93,5,0,1,93,0
crosswoz_8907_turn2,crosswoz,non-streaming,long,0.0645,0.0645,5,0,1,93,5,0,1,93,0
multiwoz_MUL1215_turn2,multiwoz,streaming,long,0.2381,0.0872,5,3,2,42,4,2,13,218,0
multiwoz_MUL1215_turn2,multiwoz,non-streaming,long,0.1905,0.0826,4,2,2,42,4,1,13,218,0
multiwoz_MUL1353_turn2,multiwoz,streaming,long,0.2692,0.0714,10,3,1,52,3,8,9,280,0
multiwoz_MUL1353_turn2,multiwoz,non-streaming,long,0.2692,0.0857,8,3,3,52,2,11,11,280,0
multiwoz_PMUL2590_turn3,multiwoz,streaming,long,0.1852,0.1544,5,1,4,54,7,4,33,285,0
multiwoz_PMUL2590_turn3,multiwoz,non-streaming,long,0.1852,0.1614,5,1,4,54,11,2,33,285,0
crosswoz_11334_turn2,crosswoz,streaming,long,0.0341,0.0341,3,0,0,88,3,0,0,88,0
crosswoz_11334_turn2,crosswoz,non-streaming,long,0.0455,0.0455,4,0,0,88,4,0,0,88,0
crosswoz_10749_turn2,crosswoz,streaming,long,0.0110,0.0110,1,0,0,91,1,0,0,91,0
crosswoz_10749_turn2,crosswoz,non-streaming,long,0.0110,0.0110,1,0,0,91,1,0,0,91,0
multiwoz_PMUL2296_turn2,multiwoz,streaming,long,0.0615,0.0287,3,1,0,65,5,4,0,314,0
multiwoz_PMUL2296_turn2,multiwoz,non-streaming,long,0.0308,0.0255,2,0,0,65,5,3,0,314,0
crosswoz_9577_turn2,crosswoz,streaming,long,0.0316,0.0316,1,1,1,95,1,1,1,95,0
crosswoz_9577_turn2,crosswoz,non-streaming,long,0.0105,0.0105,0,0,1,95,0,0,1,95,0
crosswoz_9173_turn2,crosswoz,streaming,long,0.0220,0.0220,1,0,1,91,1,0,1,91,0
crosswoz_9173_turn2,crosswoz,non-streaming,long,0.0220,0.0220,1,0,1,91,1,0,1,91,0
multiwoz_MUL0176_turn3,multiwoz,streaming,long,0.0441,0.0201,2,1,0,68,5,2,0,349,0
multiwoz_MUL0176_turn3,multiwoz,non-streaming,long,0.0588,0.0229,3,1,0,68,5,3,0,349,0
multiwoz_MUL0084_turn3,multiwoz,streaming,long,0.3393,0.1392,9,1,9,56,9,0,29,273,0
multiwoz_MUL0084_turn3,multiwoz,non-streaming,long,0.2321,0.1136,5,1,7,56,7,0,24,273,0
crosswoz_11730_turn2,crosswoz,streaming,long,0.1505,0.1505,12,1,1,93,12,1,1,93,0
crosswoz_11730_turn2,crosswoz,non-streaming,long,0.1398,0.1398,11,1,1,93,11,1,1,93,0
crosswoz_10331_turn2,crosswoz,streaming,long,0.0408,0.0408,4,0,0,98,4,0,0,98,0
crosswoz_10331_turn2,crosswoz,non-streaming,long,0.0408,0.0408,4,0,0,98,4,0,0,98,0
multiwoz_MUL1332_turn3,multiwoz,streaming,long,0.2500,0.1594,7,0,7,56,9,1,34,276,0
multiwoz_MUL1332_turn3,multiwoz,non-streaming,long,0.2500,0.1594,6,0,8,56,5,1,38,276,0
multiwoz_PMUL1904_turn3,multiwoz,streaming,long,0.1579,0.0951,5,1,3,57,1,2,24,284,0
multiwoz_PMUL1904_turn3,multiwoz,non-streaming,long,0.1053,0.0845,3,0,3,57,1,1,22,284,0
multiwoz_PMUL1745_turn3,multiwoz,streaming,long,0.0952,0.0557,2,1,3,63,1,1,15,305,0
multiwoz_PMUL1745_turn3,multiwoz,non-streaming,long,0.0794,0.0492,1,0,4,63,1,0,14,305,0
multiwoz_MUL2018_turn3,multiwoz,streaming,long,0.1017,0.0573,3,1,2,59,6,3,9,314,0
multiwoz_MUL2018_turn3,multiwoz,non-streaming,long,0.0678,0.0541,2,0,2,59,6,2,9,314,0
crosswoz_98_turn2,crosswoz,streaming,long,0.1250,0.1250,9,1,1,88,9,1,1,88,0
crosswoz_98_turn2,crosswoz,non-streaming,long,0.1023,0.1023,8,0,1,88,8,0,1,88,0
crosswoz_10040_turn2,crosswoz,streaming,long,0.0515,0.0515,4,0,1,97,4,0,1,97,0
crosswoz_10040_turn2,crosswoz,non-streaming,long,0.0515,0.0515,4,0,1,97,4,0,1,97,0
multiwoz_MUL0183_turn2,multiwoz,streaming,long,0.0290,0.0030,1,1,0,69,0,1,0,337,0
multiwoz_MUL0183_turn2,multiwoz,non-streaming,long,0.0000,0.0000,0,0,0,69,0,0,0,337,0
multiwoz_PMUL2034_turn2,multiwoz,streaming,long,0.0606,0.0118,2,2,0,66,2,2,0,338,0
multiwoz_PMUL2034_turn2,multiwoz,non-streaming,long,0.0303,0.0089,1,1,0,66,2,1,0,338,0
multiwoz_MUL0874_turn3,multiwoz,streaming,long,0.1667,0.0602,9,1,0,60,7,9,4,332,0
multiwoz_MUL0874_turn3,multiwoz,non-streaming,long,0.1333,0.0572,7,0,1,60,10,6,3,332,0
multiwoz_PMUL4612_turn3,multiwoz,streaming,long,0.0417,0.0085,2,1,0,72,2,1,0,352,0
multiwoz_PMUL4612_turn3,multiwoz,non-streaming,long,0.0139,0.0057,1,0,0,72,2,0,0,352,0
crosswoz_11361_turn2,crosswoz,streaming,long,0.0463,0.0463,5,0,0,108,5,0,0,108,0
crosswoz_11361_turn2,crosswoz,non-streaming,long,0.0463,0.0463,5,0,0,108,5,0,0,108,0
multiwoz_PMUL2936_turn3,multiwoz,streaming,long,0.1667,0.1226,2,2,6,60,0,3,36,318,0
multiwoz_PMUL2936_turn3,multiwoz,non-streaming,long,0.1500,0.1006,1,1,7,60,0,2,30,318,0
multiwoz_PMUL0085_turn3,multiwoz,streaming,long,0.1562,0.0814,3,1,6,64,3,3,19,307,0
multiwoz_PMUL0085_turn3,multiwoz,non-streaming,long,0.1094,0.0651,2,0,5,64,3,2,15,307,0
crosswoz_11613_turn3,crosswoz,streaming,long,0.0659,0.0659,3,0,3,91,3,0,3,91,0
crosswoz_11613_turn3,crosswoz,non-streaming,long,0.0549,0.0549,3,0,2,91,3,0,2,91,0
crosswoz_8202_turn2,crosswoz,streaming,long,0.0707,0.0707,7,0,0,99,7,0,0,99,0
crosswoz_8202_turn2,crosswoz,non-streaming,long,0.0707,0.0707,7,0,0,99,7,0,0,99,0
multiwoz_PMUL4499_turn3,multiwoz,streaming,long,0.1867,0.1517,1,13,0,75,0,64,0,422,0
multiwoz_PMUL4499_turn3,multiwoz,non-streaming,long,0.1733,0.1635,0,12,1,75,0,63,6,422,0
multiwoz_PMUL4885_turn3,multiwoz,streaming,long,0.1714,0.0759,9,1,2,70,10,1,13,316,0
multiwoz_PMUL4885_turn3,multiwoz,non-streaming,long,0.1429,0.0728,8,0,2,70,9,1,13,316,0
crosswoz_12298_turn2,crosswoz,streaming,long,0.0283,0.0283,3,0,0,106,3,0,0,106,0
crosswoz_12298_turn2,crosswoz,non-streaming,long,0.0094,0.0094,1,0,0,106,1,0,0,106,0
multiwoz_MUL0183_turn3,multiwoz,streaming,long,0.1250,0.0749,2,8,1,88,0,30,2,427,0
multiwoz_MUL0183_turn3,multiwoz,non-streaming,long,0.1023,0.0726,1,7,1,88,0,29,2,427,0
multiwoz_MUL1203_turn3,multiwoz,streaming,long,0.0946,0.0304,5,1,1,74,4,7,1,395,0
multiwoz_MUL1203_turn3,multiwoz,non-streaming,long,0.0676,0.0278,4,0,1,74,4,6,1,395,0
crosswoz_9033_turn2,crosswoz,streaming,long,0.0476,0.0476,5,0,0,105,5,0,0,105,0
crosswoz_9033_turn2,crosswoz,non-streaming,long,0.0571,0.0571,6,0,0,105,6,0,0,105,0
multiwoz_MUL1191_turn3,multiwoz,streaming,long,0.1558,0.0714,6,4,2,77,6,3,17,364,0
multiwoz_MUL1191_turn3,multiwoz,non-streaming,long,0.1558,0.0769,6,3,3,77,4,3,21,364,0
multiwoz_MUL2174_turn3,multiwoz,streaming,long,0.1404,0.0753,3,1,4,57,3,1,18,292,0
multiwoz_MUL2174_turn3,multiwoz,non-streaming,long,0.1228,0.0856,2,0,5,57,3,0,22,292,0
crosswoz_497_turn3,crosswoz,streaming,long,0.0536,0.0536,5,0,1,112,5,0,1,112,0
crosswoz_497_turn3,crosswoz,non-streaming,long,0.0446,0.0446,4,0,1,112,4,0,1,112,0
crosswoz_11406_turn3,crosswoz,streaming,long,0.0654,0.0654,6,0,1,107,6,0,1,107,0
crosswoz_11406_turn3,crosswoz,non-streaming,long,0.0561,0.0561,5,0,1,107,5,0,1,107,0
crosswoz_12299_turn2,crosswoz,streaming,long,0.0374,0.0374,3,0,1,107,3,0,1,107,0
crosswoz_12299_turn2,crosswoz,non-streaming,long,0.0280,0.0280,2,0,1,107,2,0,1,107,0
crosswoz_3145_turn2,crosswoz,streaming,long,0.0455,0.0455,4,0,1,110,4,0,1,110,0
crosswoz_3145_turn2,crosswoz,non-streaming,long,0.0364,0.0364,3,0,1,110,3,0,1,110,0
multiwoz_PMUL4031_turn3,multiwoz,streaming,long,0.0571,0.0133,2,1,1,70,2,1,2,375,0
multiwoz_PMUL4031_turn3,multiwoz,non-streaming,long,0.0000,0.0000,0,0,0,70,0,0,0,375,0
multiwoz_PMUL4254_turn3,multiwoz,streaming,long,0.1940,0.1025,6,1,6,67,3,1,29,322,0
multiwoz_PMUL4254_turn3,multiwoz,non-streaming,long,0.1493,0.0963,5,0,5,67,3,0,28,322,0
crosswoz_8424_turn3,crosswoz,streaming,long,0.3333,0.3333,5,45,1,153,5,45,1,153,0
crosswoz_8424_turn3,crosswoz,non-streaming,long,0.3007,0.3007,1,45,0,153,1,45,0,153,0
crosswoz_8672_turn2,crosswoz,streaming,long,0.0935,0.0935,10,0,0,107,10,0,0,107,0
crosswoz_8672_turn2,crosswoz,non-streaming,long,0.0841,0.0841,9,0,0,107,9,0,0,107,0
multiwoz_PMUL0460_turn3,multiwoz,streaming,long,0.2817,0.1020,8,4,8,71,4,4,27,343,0
multiwoz_PMUL0460_turn3,multiwoz,non-streaming,long,0.2676,0.1020,7,3,9,71,1,8,26,343,0
crosswoz_10296_turn2,crosswoz,streaming,long,0.0278,0.0278,2,0,1,108,2,0,1,108,0
crosswoz_10296_turn2,crosswoz,non-streaming,long,0.0185,0.0185,1,0,1,108,1,0,1,108,0
crosswoz_8707_turn3,crosswoz,streaming,long,0.2535,0.2535,0,36,0,142,0,36,0,142,0
crosswoz_8707_turn3,crosswoz,non-streaming,long,0.2535,0.2535,0,36,0,142,0,36,0,142,0
crosswoz_9138_turn3,crosswoz,streaming,long,0.0684,0.0684,7,0,1,117,7,0,1,117,0
crosswoz_9138_turn3,crosswoz,non-streaming,long,0.0427,0.0427,4,0,1,117,4,0,1,117,0
crosswoz_9080_turn2,crosswoz,streaming,long,0.0769,0.0769,7,0,2,117,7,0,2,117,0
crosswoz_9080_turn2,crosswoz,non-streaming,long,0.0684,0.0684,6,0,2,117,6,0,2,117,0
crosswoz_10574_turn3,crosswoz,streaming,long,0.0887,0.0887,10,0,1,124,10,0,1,124,0
crosswoz_10574_turn3,crosswoz,non-streaming,long,0.0806,0.0806,9,0,1,124,9,0,1,124,0
crosswoz_422_turn3,crosswoz,streaming,long,0.0508,0.0508,6,0,0,118,6,0,0,118,0
crosswoz_422_turn3,crosswoz,non-streaming,long,0.0508,0.0508,6,0,0,118,6,0,0,118,0
crosswoz_11893_turn2,crosswoz,streaming,long,0.0317,0.0317,3,0,1,126,3,0,1,126,0
crosswoz_11893_turn2,crosswoz,non-streaming,long,0.0238,0.0238,2,0,1,126,2,0,1,126,0
crosswoz_12011_turn2,crosswoz,streaming,long,0.0820,0.0820,9,0,1,122,9,0,1,122,0
crosswoz_12011_turn2,crosswoz,non-streaming,long,0.0574,0.0574,6,0,1,122,6,0,1,122,0
crosswoz_8436_turn2,crosswoz,streaming,long,0.0579,0.0579,6,0,1,121,6,0,1,121,0
crosswoz_8436_turn2,crosswoz,non-streaming,long,0.0579,0.0579,6,0,1,121,6,0,1,121,0
crosswoz_10197_turn3,crosswoz,streaming,long,0.0569,0.0569,7,0,0,123,7,0,0,123,0
crosswoz_10197_turn3,crosswoz,non-streaming,long,0.0244,0.0244,3,0,0,123,3,0,0,123,0
crosswoz_10661_turn3,crosswoz,streaming,long,0.0703,0.0703,7,2,0,128,7,2,0,128,0
crosswoz_10661_turn3,crosswoz,non-streaming,long,0.0547,0.0547,5,2,0,128,5,2,0,128,0
crosswoz_1101_turn3,crosswoz,streaming,long,0.0407,0.0407,4,0,1,123,4,0,1,123,0
crosswoz_1101_turn3,crosswoz,non-streaming,long,0.0488,0.0488,5,0,1,123,5,0,1,123,0
crosswoz_8796_turn2,crosswoz,streaming,very_long,0.0726,0.0726,9,0,0,124,9,0,0,124,0
crosswoz_8796_turn2,crosswoz,non-streaming,very_long,0.0645,0.0645,8,0,0,124,8,0,0,124,0
multiwoz_PMUL0271_turn3,multiwoz,streaming,very_long,0.2179,0.0973,11,1,5,78,10,7,22,401,0
multiwoz_PMUL0271_turn3,multiwoz,non-streaming,very_long,0.1667,0.0873,7,0,6,78,13,3,19,401,0
multiwoz_PMUL2590_turn4,multiwoz,streaming,very_long,0.1923,0.1192,12,1,2,78,20,3,26,411,0
multiwoz_PMUL2590_turn4,multiwoz,non-streaming,very_long,0.1667,0.1119,10,1,2,78,21,1,24,411,0
multiwoz_MUL1215_turn3,multiwoz,streaming,very_long,0.2571,0.0545,12,5,1,70,5,7,8,367,0
multiwoz_MUL1215_turn3,multiwoz,non-streaming,very_long,0.2286,0.0518,11,4,1,70,5,6,8,367,0
crosswoz_10749_turn3,crosswoz,streaming,very_long,0.0147,0.0147,2,0,0,136,2,0,0,136,0
crosswoz_10749_turn3,crosswoz,non-streaming,very_long,0.0147,0.0147,2,0,0,136,2,0,0,136,0
crosswoz_7701_turn3,crosswoz,streaming,very_long,0.0726,0.0726,8,0,1,124,8,0,1,124,0
crosswoz_7701_turn3,crosswoz,non-streaming,very_long,0.0968,0.0968,11,0,1,124,11,0,1,124,0
crosswoz_9200_turn3,crosswoz,streaming,very_long,0.0504,0.0504,5,0,1,119,5,0,1,119,0
crosswoz_9200_turn3,crosswoz,non-streaming,very_long,0.0420,0.0420,4,0,1,119,4,0,1,119,0
multiwoz_MUL1330_turn3,multiwoz,streaming,very_long,0.0538,0.0259,4,1,0,93,6,7,0,501,0
multiwoz_MUL1330_turn3,multiwoz,non-streaming,very_long,0.0323,0.0240,3,0,0,93,6,6,0,501,0
multiwoz_MUL0176_turn4,multiwoz,streaming,very_long,0.0319,0.0062,2,1,0,94,2,1,0,483,0
multiwoz_MUL0176_turn4,multiwoz,non-streaming,very_long,0.0106,0.0041,1,0,0,94,2,0,0,483,0
crosswoz_9956_turn4,crosswoz,streaming,very_long,0.0560,0.0560,7,0,0,125,7,0,0,125,0
crosswoz_9956_turn4,crosswoz,non-streaming,very_long,0.0640,0.0640,7,0,1,125,7,0,1,125,0
crosswoz_8202_turn3,crosswoz,streaming,very_long,0.2057,0.2057,11,18,0,141,11,18,0,141,0
crosswoz_8202_turn3,crosswoz,non-streaming,very_long,0.1773,0.1773,8,17,0,141,8,17,0,141,0
crosswoz_8672_turn3,crosswoz,streaming,very_long,0.1069,0.1069,14,0,0,131,14,0,0,131,0
crosswoz_8672_turn3,crosswoz,non-streaming,very_long,0.0611,0.0611,8,0,0,131,8,0,0,131,0
multiwoz_MUL0666_turn3,multiwoz,streaming,very_long,0.2247,0.0897,11,1,8,89,6,2,32,446,0
multiwoz_MUL0666_turn3,multiwoz,non-streaming,very_long,0.1798,0.0695,5,0,11,89,0,0,31,446,0
multiwoz_MUL1031_turn3,multiwoz,streaming,very_long,0.1494,0.0852,8,0,5,87,5,4,29,446,0
multiwoz_MUL1031_turn3,multiwoz,non-streaming,very_long,0.1494,0.0852,6,0,7,87,5,3,30,446,0
crosswoz_12315_turn3,crosswoz,streaming,very_long,0.0652,0.0652,8,1,0,138,8,1,0,138,0
crosswoz_12315_turn3,crosswoz,non-streaming,very_long,0.0870,0.0870,11,1,0,138,11,1,0,138,0
multiwoz_MUL1003_turn4,multiwoz,streaming,very_long,0.0300,0.0100,2,1,0,100,2,3,0,500,0
multiwoz_MUL1003_turn4,multiwoz,non-streaming,very_long,0.0100,0.0080,1,0,0,100,3,1,0,500,0
crosswoz_9033_turn3,crosswoz,streaming,very_long,0.0217,0.0217,3,0,0,138,3,0,0,138,0
crosswoz_9033_turn3,crosswoz,non-streaming,very_long,0.0362,0.0362,5,0,0,138,5,0,0,138,0
multiwoz_MUL0023_turn3,multiwoz,streaming,very_long,0.1951,0.1135,7,4,5,82,6,16,26,423,0
multiwoz_MUL0023_turn3,multiwoz,non-streaming,very_long,0.1585,0.0993,5,3,5,82,5,15,22,423,0
multiwoz_PMUL2296_turn3,multiwoz,streaming,very_long,0.0825,0.0286,6,2,0,97,7,6,1,489,0
multiwoz_PMUL2296_turn3,multiwoz,non-streaming,very_long,0.0619,0.0266,5,1,0,97,7,5,1,489,0
multiwoz_PMUL0322_turn4,multiwoz,streaming,very_long,0.1868,0.0948,10,3,4,91,13,7,22,443,0
multiwoz_PMUL0322_turn4,multiwoz,non-streaming,very_long,0.1868,0.0903,9,3,5,91,12,7,21,443,0
crosswoz_11248_turn2,crosswoz,streaming,very_long,0.0141,0.0141,2,0,0,142,2,0,0,142,0
crosswoz_11248_turn2,crosswoz,non-streaming,very_long,0.0141,0.0141,2,0,0,142,2,0,0,142,0
multiwoz_MUL2157_turn3,multiwoz,streaming,very_long,0.1467,0.0789,5,1,5,75,2,1,28,393,0
multiwoz_MUL2157_turn3,multiwoz,non-streaming,very_long,0.1733,0.0916,5,2,6,75,2,2,32,393,0
multiwoz_PMUL2936_turn4,multiwoz,streaming,very_long,0.1605,0.0860,6,1,6,81,2,3,32,430,0
multiwoz_PMUL2936_turn4,multiwoz,non-streaming,very_long,0.1728,0.0953,5,1,8,81,1,4,36,430,0
crosswoz_10296_turn3,crosswoz,streaming,very_long,0.0284,0.0284,3,0,1,141,3,0,1,141,0
crosswoz_10296_turn3,crosswoz,non-streaming,very_long,0.0284,0.0284,3,0,1,141,3,0,1,141,0
crosswoz_962_turn3,crosswoz,streaming,very_long,0.0423,0.0423,5,0,1,142,5,0,1,142,0
crosswoz_962_turn3,crosswoz,non-streaming,very_long,0.0915,0.0915,12,0,1,142,12,0,1,142,0
crosswoz_7652_turn2,crosswoz,streaming,very_long,0.3616,0.3616,16,46,2,177,16,46,2,177,0
crosswoz_7652_turn2,crosswoz,non-streaming,very_long,0.3559,0.3559,15,46,2,177,15,46,2,177,0
crosswoz_11361_turn3,crosswoz,streaming,very_long,0.0567,0.0567,8,0,0,141,8,0,0,141,0
crosswoz_11361_turn3,crosswoz,non-streaming,very_long,0.0496,0.0496,7,0,0,141,7,0,0,141,0
multiwoz_PMUL2175_turn4,multiwoz,streaming,very_long,0.1461,0.0911,8,1,4,89,20,9,14,472,0
multiwoz_PMUL2175_turn4,multiwoz,non-streaming,very_long,0.1236,0.0784,6,0,5,89,18,4,15,472,0
multiwoz_MUL0789_turn3,multiwoz,streaming,very_long,0.2000,0.1051,7,2,8,85,11,6,28,428,0
multiwoz_MUL0789_turn3,multiwoz,non-streaming,very_long,0.1765,0.1005,8,1,6,85,11,6,26,428,0
multiwoz_PMUL1904_turn4,multiwoz,streaming,very_long,0.1839,0.1059,5,4,7,87,4,15,26,425,0
multiwoz_PMUL1904_turn4,multiwoz,non-streaming,very_long,0.1839,0.1247,4,4,8,87,11,15,27,425,0
crosswoz_9173_turn3,crosswoz,streaming,very_long,0.0552,0.0552,7,0,1,145,7,0,1,145,0
crosswoz_9173_turn3,crosswoz,non-streaming,very_long,0.0483,0.0483,6,0,1,145,6,0,1,145,0
multiwoz_MUL1001_turn3,multiwoz,streaming,very_long,0.1685,0.0867,8,2,5,89,12,4,25,473,0
multiwoz_MUL1001_turn3,multiwoz,non-streaming,very_long,0.1573,0.0930,8,1,5,89,14,4,26,473,0
multiwoz_PMUL4885_turn4,multiwoz,streaming,very_long,0.2043,0.1000,11,3,5,93,15,8,20,430,0
multiwoz_PMUL4885_turn4,multiwoz,non-streaming,very_long,0.1613,0.0977,10,0,5,93,12,3,27,430,0
multiwoz_MUL0084_turn4,multiwoz,streaming,very_long,0.2211,0.0894,9,2,10,95,7,3,32,470,0
multiwoz_MUL0084_turn4,multiwoz,non-streaming,very_long,0.1789,0.1106,7,1,9,95,9,2,41,470,0
multiwoz_PMUL1745_turn4,multiwoz,streaming,very_long,0.0667,0.0664,4,0,3,105,5,0,28,497,0
multiwoz_PMUL1745_turn4,multiwoz,non-streaming,very_long,0.0571,0.0563,3,0,3,105,1,2,25,497,0
crosswoz_8907_turn3,crosswoz,streaming,very_long,0.0325,0.0325,4,0,1,154,4,0,1,154,0
crosswoz_8907_turn3,crosswoz,non-streaming,very_long,0.0325,0.0325,4,0,1,154,4,0,1,154,0
crosswoz_11893_turn3,crosswoz,streaming,very_long,0.0331,0.0331,3,0,2,151,3,0,2,151,0
crosswoz_11893_turn3,crosswoz,non-streaming,very_long,0.0265,0.0265,3,0,1,151,3,0,1,151,0
crosswoz_11592_turn2,crosswoz,streaming,very_long,0.0667,0.0667,8,0,1,135,8,0,1,135,0
crosswoz_11592_turn2,crosswoz,non-streaming,very_long,0.0667,0.0667,9,0,0,135,9,0,0,135,0
crosswoz_11613_turn4,crosswoz,streaming,very_long,0.0748,0.0748,4,2,5,147,4,2,5,147,0
crosswoz_11613_turn4,crosswoz,non-streaming,very_long,0.1020,0.1020,7,3,5,147,7,3,5,147,0
multiwoz_MUL0874_turn4,multiwoz,streaming,very_long,0.2500,0.1186,12,1,9,88,7,6,43,472,0
multiwoz_MUL0874_turn4,multiwoz,non-streaming,very_long,0.2386,0.1229,12,0,9,88,11,5,42,472,0
multiwoz_MUL1353_turn3,multiwoz,streaming,very_long,0.2553,0.1029,16,6,2,94,10,21,19,486,0
multiwoz_MUL1353_turn3,multiwoz,non-streaming,very_long,0.2553,0.1049,16,5,3,94,7,20,24,486,0
crosswoz_9577_turn3,crosswoz,streaming,very_long,0.0654,0.0654,8,1,1,153,8,1,1,153,0
crosswoz_9577_turn3,crosswoz,non-streaming,very_long,0.0392,0.0392,4,1,1,153,4,1,1,153,0
multiwoz_MUL2174_turn4,multiwoz,streaming,very_long,0.1591,0.0901,5,2,7,88,5,2,34,455,0
multiwoz_MUL2174_turn4,multiwoz,non-streaming,very_long,0.1591,0.0989,6,1,7,88,4,2,39,455,0
crosswoz_7310_turn3,crosswoz,streaming,very_long,0.1014,0.1014,13,0,2,148,13,0,2,148,0
crosswoz_7310_turn3,crosswoz,non-streaming,very_long,0.0811,0.0811,10,0,2,148,10,0,2,148,0
multiwoz_PMUL2034_turn3,multiwoz,streaming,very_long,0.1919,0.1243,10,1,8,99,13,8,44,523,0
multiwoz_PMUL2034_turn3,multiwoz,non-streaming,very_long,0.1616,0.0899,8,1,7,99,8,8,31,523,0
crosswoz_12299_turn3,crosswoz,streaming,very_long,0.0784,0.0784,9,1,2,153,9,1,2,153,0
crosswoz_12299_turn3,crosswoz,non-streaming,very_long,0.0784,0.0784,9,1,2,153,9,1,2,153,0
multiwoz_PMUL3103_turn4,multiwoz,streaming,very_long,0.1596,0.1020,10,2,3,94,11,4,35,490,0
multiwoz_PMUL3103_turn4,multiwoz,non-streaming,very_long,0.1489,0.1000,8,2,4,94,11,3,35,490,0
multiwoz_PMUL2319_turn3,multiwoz,streaming,very_long,0.0660,0.0269,5,1,1,106,10,1,3,521,0
multiwoz_PMUL2319_turn3,multiwoz,non-streaming,very_long,0.0472,0.0250,4,0,1,106,10,0,3,521,0
crosswoz_9956_turn5,crosswoz,streaming,very_long,0.0612,0.0612,9,0,0,147,9,0,0,147,0
crosswoz_9956_turn5,crosswoz,non-streaming,very_long,0.0680,0.0680,9,0,1,147,9,0,1,147,0
multiwoz_MUL2018_turn4,multiwoz,streaming,very_long,0.1556,0.0989,8,0,6,90,8,2,35,455,0
multiwoz_MUL2018_turn4,multiwoz,non-streaming,very_long,0.1333,0.0945,5,0,7,90,4,1,38,455,0
crosswoz_10574_turn4,crosswoz,streaming,very_long,0.0570,0.0570,7,0,2,158,7,0,2,158,0
crosswoz_10574_turn4,crosswoz,non-streaming,very_long,0.0696,0.0696,9,0,2,158,9,0,2,158,0
multiwoz_MUL0069_turn4,multiwoz,streaming,very_long,0.1553,0.0827,6,3,7,103,7,2,33,508,0
multiwoz_MUL0069_turn4,multiwoz,non-streaming,very_long,0.1359,0.0827,5,2,7,103,7,1,34,508,0
crosswoz_9394_turn3,crosswoz,streaming,very_long,0.0789,0.0789,11,0,1,152,11,0,1,152,0
crosswoz_9394_turn3,crosswoz,non-streaming,very_long,0.0987,0.0987,14,0,1,152,14,0,1,152,0
crosswoz_11730_turn3,crosswoz,streaming,very_long,0.1013,0.1013,15,0,1,158,15,0,1,158,0
crosswoz_11730_turn3,crosswoz,non-streaming,very_long,0.0633,0.0633,9,0,1,158,9,0,1,158,0
multiwoz_MUL1320_turn5,multiwoz,streaming,very_long,0.1837,0.1193,9,0,9,98,7,2,49,486,0
multiwoz_MUL1320_turn5,multiwoz,non-streaming,very_long,0.2347,0.1502,9,0,14,98,6,2,65,486,0
multiwoz_MUL0193_turn3,multiwoz,streaming,very_long,0.2625,0.1184,15,1,5,80,16,6,36,490,0
multiwoz_MUL0193_turn3,multiwoz,non-streaming,very_long,0.2375,0.1163,14,0,5,80,16,5,36,490,0
crosswoz_12298_turn3,crosswoz,streaming,very_long,0.0769,0.0769,11,0,1,156,11,0,1,156,0
crosswoz_12298_turn3,crosswoz,non-streaming,very_long,0.0321,0.0321,4,0,1,156,4,0,1,156,0
multiwoz_MUL0076_turn4,multiwoz,streaming,very_long,0.1905,0.0819,11,2,7,105,5,2,36,525,0
multiwoz_MUL0076_turn4,multiwoz,non-streaming,very_long,0.1429,0.0648,11,1,3,105,5,2,27,525,0
crosswoz_7196_turn3,crosswoz,streaming,very_long,0.0875,0.0875,11,1,2,160,11,1,2,160,0
crosswoz_7196_turn3,crosswoz,non-streaming,very_long,0.0875,0.0875,12,1,1,160,12,1,1,160,0
multiwoz_PMUL4031_turn4,multiwoz,streaming,very_long,0.0510,0.0095,3,2,0,98,2,3,0,529,0
multiwoz_PMUL4031_turn4,multiwoz,non-streaming,very_long,0.0102,0.0038,1,0,0,98,2,0,0,529,0
multiwoz_MUL0641_turn3,multiwoz,streaming,very_long,0.2128,0.0978,10,1,9,94,8,3,37,491,0
multiwoz_MUL0641_turn3,multiwoz,non-streaming,very_long,0.2234,0.1181,11,0,10,94,10,2,46,491,0
crosswoz_2228_turn3,crosswoz,streaming,very_long,0.0488,0.0488,7,0,1,164,7,0,1,164,0
crosswoz_2228_turn3,crosswoz,non-streaming,very_long,0.0488,0.0488,7,0,1,164,7,0,1,164,0
multiwoz_PMUL4612_turn4,multiwoz,streaming,very_long,0.1308,0.0810,7,1,6,107,7,1,36,543,0
multiwoz_PMUL4612_turn4,multiwoz,non-streaming,very_long,0.1028,0.0829,6,0,5,107,10,0,35,543,0
crosswoz_10040_turn3,crosswoz,streaming,very_long,0.0566,0.0566,8,0,1,159,8,0,1,159,0
crosswoz_10040_turn3,crosswoz,non-streaming,very_long,0.0440,0.0440,5,1,1,159,5,1,1,159,0
crosswoz_11334_turn3,crosswoz,streaming,very_long,0.0818,0.0818,11,0,2,159,11,0,2,159,0
crosswoz_11334_turn3,crosswoz,non-streaming,very_long,0.0692,0.0692,10,0,1,159,10,0,1,159,0
crosswoz_3145_turn3,crosswoz,streaming,very_long,0.0545,0.0545,8,0,1,165,8,0,1,165,0
crosswoz_3145_turn3,crosswoz,non-streaming,very_long,0.0545,0.0545,8,0,1,165,8,0,1,165,0
multiwoz_MUL0183_turn4,multiwoz,streaming,very_long,0.0410,0.0083,4,1,0,122,2,3,0,602,0
multiwoz_MUL0183_turn4,multiwoz,non-streaming,very_long,0.0164,0.0050,2,0,0,122,1,2,0,602,0
multiwoz_MUL1152_turn4,multiwoz,streaming,very_long,0.1845,0.0810,10,1,8,103,10,3,31,543,0
multiwoz_MUL1152_turn4,multiwoz,non-streaming,very_long,0.1650,0.0681,9,1,7,103,7,5,25,543,0
multiwoz_MUL1203_turn4,multiwoz,streaming,very_long,0.0721,0.0284,6,1,1,111,7,9,1,598,0
multiwoz_MUL1203_turn4,multiwoz,non-streaming,very_long,0.0541,0.0284,5,0,1,111,7,9,1,598,0
crosswoz_497_turn4,crosswoz,streaming,very_long,0.0446,0.0446,5,1,1,157,5,1,1,157,0
crosswoz_497_turn4,crosswoz,non-streaming,very_long,0.0382,0.0382,5,0,1,157,5,0,1,157,0
crosswoz_9080_turn3,crosswoz,streaming,very_long,0.0578,0.0578,8,0,2,173,8,0,2,173,0
crosswoz_9080_turn3,crosswoz,non-streaming,very_long,0.0578,0.0578,8,0,2,173,8,0,2,173,0
multiwoz_PMUL2175_turn5,multiwoz,streaming,very_long,0.2692,0.1437,14,2,12,104,23,8,46,536,0
multiwoz_PMUL2175_turn5,multiwoz,non-streaming,very_long,0.2692,0.1437,11,1,16,104,18,5,54,536,0
multiwoz_MUL1459_turn4,multiwoz,streaming,very_long,0.0893,0.0661,4,1,5,112,1,1,34,545,0
multiwoz_MUL1459_turn4,multiwoz,non-streaming,very_long,0.0625,0.0459,2,0,5,112,2,3,20,545,0
crosswoz_9365_turn4,crosswoz,streaming,very_long,0.0828,0.0828,13,0,1,169,13,0,1,169,0
crosswoz_9365_turn4,crosswoz,non-streaming,very_long,0.0828,0.0828,13,0,1,169,13,0,1,169,0
crosswoz_11592_turn3,crosswoz,streaming,very_long,0.0844,0.0844,11,0,2,154,11,0,2,154,0
crosswoz_11592_turn3,crosswoz,non-streaming,very_long,0.0779,0.0779,11,0,1,154,11,0,1,154,0
multiwoz_PMUL1904_turn5,multiwoz,streaming,very_long,0.2500,0.1905,5,14,8,108,10,61,29,525,0
multiwoz_PMUL1904_turn5,multiwoz,non-streaming,very_long,0.2222,0.1790,5,13,6,108,10,58,26,525,0
multiwoz_MUL1031_turn4,multiwoz,streaming,very_long,0.1826,0.0997,13,1,7,115,14,2,42,582,0
multiwoz_MUL1031_turn4,multiwoz,non-streaming,very_long,0.1913,0.1048,12,0,10,115,10,1,50,582,0
multiwoz_MUL0666_turn4,multiwoz,streaming,very_long,0.2124,0.1007,11,0,13,113,2,1,54,566,0
multiwoz_MUL0666_turn4,multiwoz,non-streaming,very_long,0.1681,0.0795,8,0,11,113,2,0,43,566,0
multiwoz_PMUL0322_turn5,multiwoz,streaming,very_long,0.1759,0.0838,10,3,6,108,13,5,27,537,0
multiwoz_PMUL0322_turn5,multiwoz,non-streaming,very_long,0.1852,0.0857,11,2,7,108,14,2,30,537,0
multiwoz_MUL1191_turn4,multiwoz,streaming,very_long,0.2455,0.1000,14,5,8,110,15,6,33,540,0
multiwoz_MUL1191_turn4,multiwoz,non-streaming,very_long,0.2000,0.0759,11,3,8,110,9,6,26,540,0
multiwoz_MUL2174_turn5,multiwoz,streaming,very_long,0.1010,0.0576,3,1,6,99,3,1,26,521,0
multiwoz_MUL2174_turn5,multiwoz,non-streaming,very_long,0.0707,0.0461,2,0,5,99,3,0,21,521,0
crosswoz_11406_turn4,crosswoz,streaming,very_long,0.0765,0.0765,10,1,2,170,10,1,2,170,0
crosswoz_11406_turn4,crosswoz,non-streaming,very_long,0.0882,0.0882,13,0,2,170,13,0,2,170,0
crosswoz_8717_turn3,crosswoz,streaming,very_long,0.0581,0.0581,8,0,2,172,8,0,2,172,0
crosswoz_8717_turn3,crosswoz,non-streaming,very_long,0.0523,0.0523,7,0,2,172,7,0,2,172,0
multiwoz_PMUL4499_turn4,multiwoz,streaming,very_long,0.1364,0.0772,7,2,6,110,13,7,27,609,0
multiwoz_PMUL4499_turn4,multiwoz,non-streaming,very_long,0.1091,0.0722,6,0,6,110,14,3,27,609,0
crosswoz_9956_turn6,crosswoz,streaming,very_long,0.0595,0.0595,10,0,0,168,10,0,0,168,0
crosswoz_9956_turn6,crosswoz,non-streaming,very_long,0.0714,0.0714,11,0,1,168,11,0,1,168,0
multiwoz_MUL1215_turn4,multiwoz,streaming,very_long,0.2151,0.0351,13,7,0,93,4,8,5,484,0
multiwoz_MUL1215_turn4,multiwoz,non-streaming,very_long,0.1720,0.0455,11,3,2,93,6,4,12,484,0
multiwoz_PMUL4254_turn4,multiwoz,streaming,very_long,0.1818,0.0813,10,1,7,99,13,3,25,504,0
multiwoz_PMUL4254_turn4,multiwoz,non-streaming,very_long,0.1414,0.0794,7,0,7,99,8,3,29,504,0
multiwoz_MUL0711_turn4,multiwoz,streaming,very_long,0.1140,0.0633,8,2,3,114,15,6,14,553,0
multiwoz_MUL0711_turn4,multiwoz,non-streaming,very_long,0.1053,0.0542,7,2,3,114,12,4,14,553,0
multiwoz_MUL1332_turn5,multiwoz,streaming,very_long,0.1753,0.0966,8,1,8,97,12,8,28,497,0
multiwoz_MUL1332_turn5,multiwoz,non-streaming,very_long,0.1753,0.1046,8,1,8,97,16,8,28,497,0
multiwoz_PMUL2590_turn5,multiwoz,streaming,very_long,0.1802,0.1136,8,2,10,111,15,2,49,581,0
multiwoz_PMUL2590_turn5,multiwoz,non-streaming,very_long,0.1712,0.0981,8,1,10,111,13,2,42,581,0
multiwoz_PMUL0085_turn4,multiwoz,streaming,very_long,0.1930,0.1176,8,2,12,114,14,0,50,544,0
multiwoz_PMUL0085_turn4,multiwoz,non-streaming,very_long,0.1754,0.1250,9,0,11,114,11,0,57,544,0
crosswoz_10661_turn4,crosswoz,streaming,very_long,0.0824,0.0824,11,4,0,182,11,4,0,182,0
crosswoz_10661_turn4,crosswoz,non-streaming,very_long,0.0549,0.0549,6,4,0,182,6,4,0,182,0
multiwoz_PMUL2296_turn4,multiwoz,streaming,very_long,0.0698,0.0286,5,4,0,129,4,15,0,665,0
multiwoz_PMUL2296_turn4,multiwoz,non-streaming,very_long,0.0853,0.0421,7,2,2,129,12,12,4,665,0
crosswoz_8672_turn4,crosswoz,streaming,very_long,0.0761,0.0761,12,1,1,184,12,1,1,184,0
crosswoz_8672_turn4,crosswoz,non-streaming,very_long,0.0489,0.0489,8,0,1,184,8,0,1,184,0
crosswoz_10331_turn3,crosswoz,streaming,very_long,0.0642,0.0642,11,0,1,187,11,0,1,187,0
crosswoz_10331_turn3,crosswoz,non-streaming,very_long,0.0642,0.0642,11,0,1,187,11,0,1,187,0
multiwoz_MUL0023_turn4,multiwoz,streaming,very_long,0.2072,0.1068,13,4,6,111,23,7,30,562,0
multiwoz_MUL0023_turn4,multiwoz,non-streaming,very_long,0.1712,0.1014,12,2,5,111,22,6,29,562,0
crosswoz_11735_turn3,crosswoz,streaming,very_long,0.0682,0.0682,11,0,1,176,11,0,1,176,0
crosswoz_11735_turn3,crosswoz,non-streaming,very_long,0.0682,0.0682,11,0,1,176,11,0,1,176,0
multiwoz_PMUL4885_turn5,multiwoz,streaming,very_long,0.1121,0.0688,7,1,5,116,14,1,23,552,0
multiwoz_PMUL4885_turn5,multiwoz,non-streaming,very_long,0.1121,0.0743,9,0,4,116,17,3,21,552,0
crosswoz_9138_turn4,crosswoz,streaming,very_long,0.0753,0.0753,11,0,3,186,11,0,3,186,0
crosswoz_9138_turn4,crosswoz,non-streaming,very_long,0.0484,0.0484,7,0,2,186,7,0,2,186,0
crosswoz_9033_turn4,crosswoz,streaming,very_long,0.0326,0.0326,4,1,1,184,4,1,1,184,0
crosswoz_9033_turn4,crosswoz,non-streaming,very_long,0.0326,0.0326,4,1,1,184,4,1,1,184,0
crosswoz_8436_turn3,crosswoz,streaming,very_long,0.0582,0.0582,9,1,1,189,9,1,1,189,0
crosswoz_8436_turn3,crosswoz,non-streaming,very_long,0.0582,0.0582,10,0,1,189,10,0,1,189,0
crosswoz_497_turn5,crosswoz,streaming,very_long,0.0652,0.0652,10,0,2,184,10,0,2,184,0
crosswoz_497_turn5,crosswoz,non-streaming,very_long,0.0435,0.0435,7,0,1,184,7,0,1,184,0
crosswoz_962_turn4,crosswoz,streaming,very_long,0.0745,0.0745,13,0,1,188,13,0,1,188,0
crosswoz_962_turn4,crosswoz,non-streaming,very_long,0.0691,0.0691,12,0,1,188,12,0,1,188,0
crosswoz_8907_turn4,crosswoz,streaming,very_long,0.0345,0.0345,6,0,1,203,6,0,1,203,0
crosswoz_8907_turn4,crosswoz,non-streaming,very_long,0.0394,0.0394,6,1,1,203,6,1,1,203,0
crosswoz_11613_turn5,crosswoz,streaming,very_long,0.1087,0.1087,10,4,6,184,10,4,6,184,0
crosswoz_11613_turn5,crosswoz,non-streaming,very_long,0.1087,0.1087,10,5,5,184,10,5,5,184,0
crosswoz_10382_turn4,crosswoz,streaming,very_long,0.0945,0.0945,14,4,1,201,14,4,1,201,0
crosswoz_10382_turn4,crosswoz,non-streaming,very_long,0.0846,0.0846,12,4,1,201,12,4,1,201,0
crosswoz_10296_turn4,crosswoz,streaming,very_long,0.0412,0.0412,7,0,1,194,7,0,1,194,0
crosswoz_10296_turn4,crosswoz,non-streaming,very_long,0.0464,0.0464,7,0,2,194,7,0,2,194,0
crosswoz_8707_turn4,crosswoz,streaming,very_long,0.2489,0.2489,18,35,2,221,18,35,2,221,0
crosswoz_8707_turn4,crosswoz,non-streaming,very_long,0.2308,0.2308,15,35,1,221,15,35,1,221,0
crosswoz_422_turn4,crosswoz,streaming,very_long,0.0471,0.0471,8,0,1,191,8,0,1,191,0
crosswoz_422_turn4,crosswoz,non-streaming,very_long,0.0524,0.0524,10,0,0,191,10,0,0,191,0
crosswoz_12011_turn3,crosswoz,streaming,very_long,0.0711,0.0711,13,0,1,197,13,0,1,197,0
crosswoz_12011_turn3,crosswoz,non-streaming,very_long,0.0508,0.0508,9,0,1,197,9,0,1,197,0
crosswoz_2228_turn4,crosswoz,streaming,very_long,0.0603,0.0603,9,0,3,199,9,0,3,199,0
crosswoz_2228_turn4,crosswoz,non-streaming,very_long,0.0603,0.0603,9,0,3,199,9,0,3,199,0
crosswoz_7310_turn4,crosswoz,streaming,very_long,0.0686,0.0686,11,0,3,204,11,0,3,204,0
crosswoz_7310_turn4,crosswoz,non-streaming,very_long,0.0588,0.0588,10,0,2,204,10,0,2,204,0
crosswoz_12315_turn4,crosswoz,streaming,very_long,0.0985,0.0985,17,1,2,203,17,1,2,203,0
crosswoz_12315_turn4,crosswoz,non-streaming,very_long,0.0739,0.0739,13,1,1,203,13,1,1,203,0
crosswoz_11361_turn4,crosswoz,streaming,very_long,0.0622,0.0622,10,1,2,209,10,1,2,209,0
crosswoz_11361_turn4,crosswoz,non-streaming,very_long,0.0622,0.0622,10,1,2,209,10,1,2,209,0
crosswoz_8672_turn5,crosswoz,streaming,very_long,0.1227,0.1227,11,14,2,220,11,14,2,220,0
crosswoz_8672_turn5,crosswoz,non-streaming,very_long,0.1227,0.1227,12,14,1,220,12,14,1,220,0
crosswoz_1101_turn4,crosswoz,streaming,very_long,0.0600,0.0600,11,0,1,200,11,0,1,200,0
crosswoz_1101_turn4,crosswoz,non-streaming,very_long,0.0550,0.0550,10,0,1,200,10,0,1,200,0
crosswoz_11893_turn4,crosswoz,streaming,very_long,0.0237,0.0237,3,0,2,211,3,0,2,211,0
crosswoz_11893_turn4,crosswoz,non-streaming,very_long,0.0284,0.0284,4,0,2,211,4,0,2,211,0
crosswoz_9275_turn2,crosswoz,streaming,very_long,0.1053,0.1053,18,1,1,190,18,1,1,190,0
crosswoz_9275_turn2,crosswoz,non-streaming,very_long,0.0947,0.0947,16,1,1,190,16,1,1,190,0
crosswoz_7701_turn4,crosswoz,streaming,very_long,0.0600,0.0600,10,0,2,200,10,0,2,200,0
crosswoz_7701_turn4,crosswoz,non-streaming,very_long,0.0550,0.0550,9,0,2,200,9,0,2,200,0
crosswoz_10749_turn4,crosswoz,streaming,very_long,0.0224,0.0224,3,1,1,223,3,1,1,223,0
crosswoz_10749_turn4,crosswoz,non-streaming,very_long,0.0224,0.0224,4,0,1,223,4,0,1,223,0
crosswoz_8796_turn3,crosswoz,streaming,very_long,0.0918,0.0918,15,3,1,207,15,3,1,207,0
crosswoz_8796_turn3,crosswoz,non-streaming,very_long,0.0725,0.0725,14,0,1,207,14,0,1,207,0
crosswoz_9200_turn4,crosswoz,streaming,very_long,0.0306,0.0306,5,0,1,196,5,0,1,196,0
crosswoz_9200_turn4,crosswoz,non-streaming,very_long,0.0306,0.0306,5,0,1,196,5,0,1,196,0
crosswoz_9394_turn4,crosswoz,streaming,very_long,0.0728,0.0728,14,0,1,206,14,0,1,206,0
crosswoz_9394_turn4,crosswoz,non-streaming,very_long,0.0825,0.0825,16,0,1,206,16,0,1,206,0
crosswoz_11334_turn4,crosswoz,streaming,very_long,0.0821,0.0821,13,0,4,207,13,0,4,207,0
crosswoz_11334_turn4,crosswoz,non-streaming,very_long,0.0483,0.0483,8,0,2,207,8,0,2,207,0
crosswoz_11613_turn6,crosswoz,streaming,very_long,0.0892,0.0892,11,2,6,213,11,2,6,213,0
crosswoz_11613_turn6,crosswoz,non-streaming,very_long,0.0798,0.0798,10,2,5,213,10,2,5,213,0
crosswoz_10574_turn5,crosswoz,streaming,very_long,0.0398,0.0398,7,0,2,226,7,0,2,226,0
crosswoz_10574_turn5,crosswoz,non-streaming,very_long,0.0354,0.0354,6,0,2,226,6,0,2,226,0
crosswoz_11248_turn3,crosswoz,streaming,very_long,0.0622,0.0622,11,2,1,225,11,2,1,225,0
crosswoz_11248_turn3,crosswoz,non-streaming,very_long,0.0444,0.0444,8,1,1,225,8,1,1,225,0
crosswoz_8202_turn4,crosswoz,streaming,very_long,0.0943,0.0943,18,1,1,212,18,1,1,212,0
crosswoz_8202_turn4,crosswoz,non-streaming,very_long,0.0943,0.0943,18,1,1,212,18,1,1,212,0
crosswoz_3145_turn4,crosswoz,streaming,very_long,0.0500,0.0500,10,0,1,220,10,0,1,220,0
crosswoz_3145_turn4,crosswoz,non-streaming,very_long,0.0591,0.0591,12,0,1,220,12,0,1,220,0
crosswoz_7196_turn4,crosswoz,streaming,very_long,0.0717,0.0717,12,2,2,223,12,2,2,223,0
crosswoz_7196_turn4,crosswoz,non-streaming,very_long,0.0583,0.0583,10,1,2,223,10,1,2,223,0
crosswoz_7652_turn3,crosswoz,streaming,very_long,0.1106,0.1106,22,0,2,217,22,0,2,217,0
crosswoz_7652_turn3,crosswoz,non-streaming,very_long,0.0922,0.0922,18,0,2,217,18,0,2,217,0
crosswoz_9577_turn4,crosswoz,streaming,very_long,0.0538,0.0538,8,1,3,223,8,1,3,223,0
crosswoz_9577_turn4,crosswoz,non-streaming,very_long,0.0538,0.0538,9,1,2,223,9,1,2,223,0
crosswoz_12011_turn4,crosswoz,streaming,very_long,0.0652,0.0652,14,0,1,230,14,0,1,230,0
crosswoz_12011_turn4,crosswoz,non-streaming,very_long,0.0478,0.0478,9,0,2,230,9,0,2,230,0
crosswoz_10197_turn4,crosswoz,streaming,very_long,0.0502,0.0502,11,0,0,219,11,0,0,219,0
crosswoz_10197_turn4,crosswoz,non-streaming,very_long,0.0411,0.0411,9,0,0,219,9,0,0,219,0
crosswoz_10040_turn4,crosswoz,streaming,very_long,0.0938,0.0938,18,0,3,224,18,0,3,224,0
crosswoz_10040_turn4,crosswoz,non-streaming,very_long,0.0982,0.0982,18,0,4,224,18,0,4,224,0
crosswoz_8436_turn4,crosswoz,streaming,very_long,0.0427,0.0427,8,1,1,234,8,1,1,234,0
crosswoz_8436_turn4,crosswoz,non-streaming,very_long,0.0427,0.0427,9,0,1,234,9,0,1,234,0
crosswoz_98_turn3,crosswoz,streaming,very_long,0.1065,0.1065,20,2,1,216,20,2,1,216,0
crosswoz_98_turn3,crosswoz,non-streaming,very_long,0.1204,0.1204,24,1,1,216,24,1,1,216,0
crosswoz_12299_turn4,crosswoz,streaming,very_long,0.0693,0.0693,10,1,5,231,10,1,5,231,0
crosswoz_12299_turn4,crosswoz,non-streaming,very_long,0.0736,0.0736,11,1,5,231,11,1,5,231,0
crosswoz_9173_turn4,crosswoz,streaming,very_long,0.0474,0.0474,10,0,1,232,10,0,1,232,0
crosswoz_9173_turn4,crosswoz,non-streaming,very_long,0.0431,0.0431,9,0,1,232,9,0,1,232,0
crosswoz_12298_turn4,crosswoz,streaming,very_long,0.0345,0.0345,7,0,1,232,7,0,1,232,0
crosswoz_12298_turn4,crosswoz,non-streaming,very_long,0.0302,0.0302,6,0,1,232,6,0,1,232,0
crosswoz_11730_turn4,crosswoz,streaming,very_long,0.0700,0.0700,15,0,2,243,15,0,2,243,0
crosswoz_11730_turn4,crosswoz,non-streaming,very_long,0.0700,0.0700,15,0,2,243,15,0,2,243,0
crosswoz_11406_turn5,crosswoz,streaming,very_long,0.0909,0.0909,18,1,3,242,18,1,3,242,0
crosswoz_11406_turn5,crosswoz,non-streaming,very_long,0.1033,0.1033,21,1,3,242,21,1,3,242,0
crosswoz_9080_turn4,crosswoz,streaming,very_long,0.0583,0.0583,12,0,2,240,12,0,2,240,0
crosswoz_9080_turn4,crosswoz,non-streaming,very_long,0.0625,0.0625,13,0,2,240,13,0,2,240,0
crosswoz_10661_turn5,crosswoz,streaming,very_long,0.0788,0.0788,15,3,1,241,15,3,1,241,0
crosswoz_10661_turn5,crosswoz,non-streaming,very_long,0.0871,0.0871,14,3,4,241,14,3,4,241,0
crosswoz_11735_turn4,crosswoz,streaming,very_long,0.0504,0.0504,11,0,1,238,11,0,1,238,0
crosswoz_11735_turn4,crosswoz,non-streaming,very_long,0.0588,0.0588,13,0,1,238,13,0,1,238,0
crosswoz_497_turn6,crosswoz,streaming,very_long,0.0664,0.0664,13,0,2,226,13,0,2,226,0
crosswoz_497_turn6,crosswoz,non-streaming,very_long,0.0487,0.0487,9,0,2,226,9,0,2,226,0
crosswoz_8672_turn6,crosswoz,streaming,very_long,0.0506,0.0506,12,0,1,257,12,0,1,257,0
crosswoz_8672_turn6,crosswoz,non-streaming,very_long,0.0467,0.0467,11,0,1,257,11,0,1,257,0
crosswoz_9275_turn3,crosswoz,streaming,very_long,0.0759,0.0759,14,1,2,224,14,1,2,224,0
crosswoz_9275_turn3,crosswoz,non-streaming,very_long,0.0759,0.0759,16,0,1,224,16,0,1,224,0
crosswoz_9033_turn5,crosswoz,streaming,very_long,0.0567,0.0567,12,1,1,247,12,1,1,247,0
crosswoz_9033_turn5,crosswoz,non-streaming,very_long,0.0607,0.0607,13,1,1,247,13,1,1,247,0
crosswoz_10331_turn4,crosswoz,streaming,very_long,0.0859,0.0859,22,0,0,256,22,0,0,256,0
crosswoz_10331_turn4,crosswoz,non-streaming,very_long,0.0664,0.0664,16,0,1,256,16,0,1,256,0
multiwoz_PMUL4612_turn6,multiwoz,streaming,extra_long,0.1192,0.0735,9,3,6,151,10,9,37,762,0
multiwoz_PMUL4612_turn6,multiwoz,non-streaming,extra_long,0.0927,0.0446,8,2,4,151,9,8,17,762,0
multiwoz_PMUL0271_turn5,multiwoz,streaming,extra_long,0.1069,0.0693,11,1,5,159,22,2,32,808,0
multiwoz_PMUL0271_turn5,multiwoz,non-streaming,extra_long,0.1006,0.0644,10,0,6,159,21,0,31,808,0
multiwoz_MUL1031_turn6,multiwoz,streaming,extra_long,0.2321,0.1409,17,11,11,168,11,48,63,866,0
multiwoz_MUL1031_turn6,multiwoz,non-streaming,extra_long,0.2202,0.1386,15,10,12,168,12,45,63,866,0
crosswoz_9365_turn5,crosswoz,streaming,extra_long,0.0847,0.0847,19,0,2,248,19,0,2,248,0
crosswoz_9365_turn5,crosswoz,non-streaming,extra_long,0.0726,0.0726,16,0,2,248,16,0,2,248,0
multiwoz_PMUL4885_turn6,multiwoz,streaming,extra_long,0.1806,0.1111,14,0,14,155,16,1,65,738,0
multiwoz_PMUL4885_turn6,multiwoz,non-streaming,extra_long,0.1806,0.1043,12,1,15,155,15,2,60,738,0
crosswoz_10296_turn5,crosswoz,streaming,extra_long,0.0482,0.0482,10,0,2,249,10,0,2,249,0
crosswoz_10296_turn5,crosswoz,non-streaming,extra_long,0.0602,0.0602,13,0,2,249,13,0,2,249,0
multiwoz_MUL2016_turn5,multiwoz,streaming,extra_long,0.1366,0.0538,12,5,5,161,10,2,30,781,0
multiwoz_MUL2016_turn5,multiwoz,non-streaming,extra_long,0.1304,0.0397,9,5,7,161,3,5,23,781,0
multiwoz_PMUL0322_turn7,multiwoz,streaming,extra_long,0.2013,0.0923,18,2,11,154,19,11,42,780,0
multiwoz_PMUL0322_turn7,multiwoz,non-streaming,extra_long,0.2078,0.0833,17,2,13,154,19,9,37,780,0
multiwoz_MUL2157_turn5,multiwoz,streaming,extra_long,0.2071,0.1311,9,9,11,140,4,37,51,702,0
multiwoz_MUL2157_turn5,multiwoz,non-streaming,extra_long,0.2214,0.1282,10,10,11,140,4,37,49,702,0
crosswoz_12315_turn5,crosswoz,streaming,extra_long,0.0870,0.0870,18,2,2,253,18,2,2,253,0
crosswoz_12315_turn5,crosswoz,non-streaming,extra_long,0.0711,0.0711,14,3,1,253,14,3,1,253,0
multiwoz_MUL0711_turn7,multiwoz,streaming,extra_long,0.2850,0.2303,14,38,5,200,17,178,33,990,0
multiwoz_MUL0711_turn7,multiwoz,non-streaming,extra_long,0.2450,0.2253,9,36,4,200,15,176,32,990,0
multiwoz_MUL0176_turn6,multiwoz,streaming,extra_long,0.1463,0.0863,12,2,10,164,12,13,46,823,0
multiwoz_MUL0176_turn6,multiwoz,non-streaming,extra_long,0.1463,0.0814,11,2,11,164,8,12,47,823,0
multiwoz_MUL0666_turn6,multiwoz,streaming,extra_long,0.2699,0.1361,23,3,18,163,21,15,76,823,0
multiwoz_MUL0666_turn6,multiwoz,non-streaming,extra_long,0.2577,0.1349,20,3,19,163,21,14,76,823,0
crosswoz_11613_turn7,crosswoz,streaming,extra_long,0.0747,0.0747,10,2,6,241,10,2,6,241,0
crosswoz_11613_turn7,crosswoz,non-streaming,extra_long,0.0913,0.0913,14,2,6,241,14,2,6,241,0
crosswoz_8717_turn4,crosswoz,streaming,extra_long,0.1270,0.1270,18,12,2,252,18,12,2,252,0
crosswoz_8717_turn4,crosswoz,non-streaming,extra_long,0.0833,0.0833,18,1,2,252,18,1,2,252,0
crosswoz_10382_turn5,crosswoz,streaming,extra_long,0.0701,0.0701,14,4,1,271,14,4,1,271,0
crosswoz_10382_turn5,crosswoz,non-streaming,extra_long,0.0701,0.0701,14,4,1,271,14,4,1,271,0
crosswoz_11334_turn5,crosswoz,streaming,extra_long,0.0913,0.0913,19,0,3,241,19,0,3,241,0
crosswoz_11334_turn5,crosswoz,non-streaming,extra_long,0.0788,0.0788,16,0,3,241,16,0,3,241,0
multiwoz_MUL1353_turn5,multiwoz,streaming,extra_long,0.2667,0.1025,27,10,3,150,15,22,41,761,0
multiwoz_MUL1353_turn5,multiwoz,non-streaming,extra_long,0.2600,0.1156,27,8,4,150,20,18,50,761,0
multiwoz_MUL1001_turn6,multiwoz,streaming,extra_long,0.1988,0.1366,11,13,10,171,6,59,56,886,0
multiwoz_MUL1001_turn6,multiwoz,non-streaming,extra_long,0.1871,0.1422,9,12,11,171,6,57,63,886,0
multiwoz_MUL0789_turn5,multiwoz,streaming,extra_long,0.2177,0.1023,18,3,11,147,25,8,47,782,0
multiwoz_MUL0789_turn5,multiwoz,non-streaming,extra_long,0.2041,0.0997,17,3,10,147,33,8,37,782,0
crosswoz_422_turn5,crosswoz,streaming,extra_long,0.0533,0.0533,11,0,2,244,11,0,2,244,0
crosswoz_422_turn5,crosswoz,non-streaming,extra_long,0.0492,0.0492,11,0,1,244,11,0,1,244,0
crosswoz_8907_turn5,crosswoz,streaming,extra_long,0.0520,0.0520,12,0,2,269,12,0,2,269,0
crosswoz_8907_turn5,crosswoz,non-streaming,extra_long,0.0520,0.0520,12,1,1,269,12,1,1,269,0
multiwoz_MUL0084_turn6,multiwoz,streaming,extra_long,0.1801,0.0965,12,2,15,161,7,13,59,819,0
multiwoz_MUL0084_turn6,multiwoz,non-streaming,extra_long,0.1304,0.0855,9,1,11,161,7,12,51,819,0
multiwoz_PMUL0460_turn5,multiwoz,streaming,extra_long,0.2327,0.1227,17,7,13,159,18,8,69,774,0
multiwoz_PMUL0460_turn5,multiwoz,non-streaming,extra_long,0.2201,0.1227,15,6,14,159,17,4,74,774,0
multiwoz_MUL1459_turn6,multiwoz,streaming,extra_long,0.1098,0.0601,7,1,10,164,5,1,43,815,0
multiwoz_MUL1459_turn6,multiwoz,non-streaming,extra_long,0.1098,0.0699,6,0,12,164,6,3,48,815,0
multiwoz_MUL0711_turn6,multiwoz,streaming,extra_long,0.1562,0.0879,17,2,6,160,28,5,36,785,0
multiwoz_MUL0711_turn6,multiwoz,non-streaming,extra_long,0.1313,0.0777,14,1,6,160,23,4,34,785,0
crosswoz_10197_turn5,crosswoz,streaming,extra_long,0.1264,0.1264,15,20,0,277,15,20,0,277,0
crosswoz_10197_turn5,crosswoz,non-streaming,extra_long,0.1155,0.1155,12,20,0,277,12,20,0,277,0
multiwoz_MUL0641_turn5,multiwoz,streaming,extra_long,0.2041,0.1203,9,2,19,147,7,4,79,748,0
multiwoz_MUL0641_turn5,multiwoz,non-streaming,extra_long,0.2041,0.1417,9,0,21,147,8,0,98,748,0
multiwoz_MUL1377_turn4,multiwoz,streaming,extra_long,0.2296,0.1274,16,1,14,135,27,6,59,722,0
multiwoz_MUL1377_turn4,multiwoz,non-streaming,extra_long,0.2148,0.1080,15,2,12,135,20,9,49,722,0
multiwoz_PMUL4499_turn6,multiwoz,streaming,extra_long,0.1711,0.0974,15,1,10,152,18,8,55,832,0
multiwoz_PMUL4499_turn6,multiwoz,non-streaming,extra_long,0.1579,0.0938,14,0,10,152,20,5,53,832,0
multiwoz_PMUL2034_turn4,multiwoz,streaming,extra_long,0.2276,0.0992,16,5,12,145,16,13,46,756,0
multiwoz_PMUL2034_turn4,multiwoz,non-streaming,extra_long,0.1724,0.0886,12,5,8,145,18,11,38,756,0
multiwoz_MUL1215_turn6,multiwoz,streaming,extra_long,0.1959,0.0602,17,5,7,148,7,7,34,797,0
multiwoz_MUL1215_turn6,multiwoz,non-streaming,extra_long,0.2297,0.0715,17,6,11,148,7,7,43,797,0
multiwoz_MUL1332_turn7,multiwoz,streaming,extra_long,0.1899,0.1144,18,1,11,158,26,7,61,822,0
multiwoz_MUL1332_turn7,multiwoz,non-streaming,extra_long,0.1772,0.1131,14,0,14,158,23,2,68,822,0
multiwoz_PMUL2034_turn5,multiwoz,streaming,extra_long,0.2927,0.2207,9,31,8,164,20,136,34,861,0
multiwoz_PMUL2034_turn5,multiwoz,non-streaming,extra_long,0.2744,0.2230,7,30,8,164,8,143,41,861,0
crosswoz_2228_turn5,crosswoz,streaming,extra_long,0.0669,0.0669,14,0,4,269,14,0,4,269,0
crosswoz_2228_turn5,crosswoz,non-streaming,extra_long,0.0558,0.0558,11,0,4,269,11,0,4,269,0
multiwoz_PMUL1904_turn7,multiwoz,streaming,extra_long,0.2544,0.1809,12,14,17,169,19,59,72,829,0
multiwoz_PMUL1904_turn7,multiwoz,non-streaming,extra_long,0.2663,0.1858,14,14,17,169,17,60,77,829,0
multiwoz_MUL1330_turn5,multiwoz,streaming,extra_long,0.1824,0.0894,16,1,12,159,24,4,48,850,0
multiwoz_MUL1330_turn5,multiwoz,non-streaming,extra_long,0.1509,0.0800,11,1,12,159,17,8,43,850,0
multiwoz_MUL0069_turn6,multiwoz,streaming,extra_long,0.0988,0.0451,8,3,5,162,10,3,24,821,0
multiwoz_MUL0069_turn6,multiwoz,non-streaming,extra_long,0.1111,0.0646,8,3,7,162,13,2,38,821,0
crosswoz_98_turn4,crosswoz,streaming,extra_long,0.1025,0.1025,24,0,1,244,24,0,1,244,0
crosswoz_98_turn4,crosswoz,non-streaming,extra_long,0.1025,0.1025,24,0,1,244,24,0,1,244,0
crosswoz_8202_turn5,crosswoz,streaming,extra_long,0.1000,0.1000,22,2,2,260,22,2,2,260,0
crosswoz_8202_turn5,crosswoz,non-streaming,extra_long,0.0962,0.0962,22,2,1,260,22,2,1,260,0
crosswoz_8424_turn4,crosswoz,streaming,extra_long,0.0566,0.0566,12,0,3,265,12,0,3,265,0
crosswoz_8424_turn4,crosswoz,non-streaming,extra_long,0.0453,0.0453,9,0,3,265,9,0,3,265,0
multiwoz_MUL1320_turn8,multiwoz,streaming,extra_long,0.2577,0.2050,16,15,19,194,13,103,82,966,0
multiwoz_MUL1320_turn8,multiwoz,non-streaming,extra_long,0.2680,0.2122,16,15,21,194,12,103,90,966,0
crosswoz_11893_turn5,crosswoz,streaming,extra_long,0.0429,0.0429,10,0,2,280,10,0,2,280,0
crosswoz_11893_turn5,crosswoz,non-streaming,extra_long,0.0429,0.0429,10,0,2,280,10,0,2,280,0
multiwoz_PMUL0085_turn6,multiwoz,streaming,extra_long,0.2000,0.0975,21,4,10,175,29,1,52,841,0
multiwoz_PMUL0085_turn6,multiwoz,non-streaming,extra_long,0.2057,0.1058,22,3,11,175,29,1,59,841,0
crosswoz_9956_turn8,crosswoz,streaming,extra_long,0.0664,0.0664,17,0,0,256,17,0,0,256,0
crosswoz_9956_turn8,crosswoz,non-streaming,extra_long,0.0820,0.0820,20,0,1,256,20,0,1,256,0
crosswoz_9577_turn5,crosswoz,streaming,extra_long,0.0407,0.0407,8,0,3,270,8,0,3,270,0
crosswoz_9577_turn5,crosswoz,non-streaming,extra_long,0.0593,0.0593,14,0,2,270,14,0,2,270,0
crosswoz_9173_turn5,crosswoz,streaming,extra_long,0.0515,0.0515,14,0,0,272,14,0,0,272,0
crosswoz_9173_turn5,crosswoz,non-streaming,extra_long,0.0331,0.0331,9,0,0,272,9,0,0,272,0
multiwoz_MUL0183_turn6,multiwoz,streaming,extra_long,0.1299,0.0882,9,6,8,177,16,19,42,873,0
multiwoz_MUL0183_turn6,multiwoz,non-streaming,extra_long,0.1130,0.0710,7,4,9,177,20,3,39,873,0
multiwoz_MUL1003_turn6,multiwoz,streaming,extra_long,0.1579,0.0810,11,1,15,171,13,1,54,840,0
multiwoz_MUL1003_turn6,multiwoz,non-streaming,extra_long,0.1754,0.0952,11,0,19,171,11,4,65,840,0
multiwoz_PMUL1745_turn7,multiwoz,streaming,extra_long,0.1223,0.0731,11,3,9,188,8,5,51,875,0
multiwoz_PMUL1745_turn7,multiwoz,non-streaming,extra_long,0.1117,0.0720,9,2,10,188,7,7,49,875,0
crosswoz_10574_turn6,crosswoz,streaming,extra_long,0.0521,0.0521,13,0,2,288,13,0,2,288,0
crosswoz_10574_turn6,crosswoz,non-streaming,extra_long,0.0556,0.0556,14,0,2,288,14,0,2,288,0
multiwoz_MUL1320_turn7,multiwoz,streaming,extra_long,0.2184,0.1304,20,0,18,174,22,6,86,874,0
multiwoz_MUL1320_turn7,multiwoz,non-streaming,extra_long,0.2011,0.1144,16,0,19,174,16,6,78,874,0
crosswoz_1101_turn5,crosswoz,streaming,extra_long,0.0573,0.0573,13,1,1,262,13,1,1,262,0
crosswoz_1101_turn5,crosswoz,non-streaming,extra_long,0.0534,0.0534,12,1,1,262,12,1,1,262,0
multiwoz_MUL0874_turn6,multiwoz,streaming,extra_long,0.1656,0.0810,14,1,12,163,18,5,45,839,0
multiwoz_MUL0874_turn6,multiwoz,non-streaming,extra_long,0.1472,0.0858,13,0,11,163,14,4,54,839,0
crosswoz_10749_turn5,crosswoz,streaming,extra_long,0.0498,0.0498,13,0,1,281,13,0,1,281,0
crosswoz_10749_turn5,crosswoz,non-streaming,extra_long,0.0463,0.0463,12,0,1,281,12,0,1,281,0
multiwoz_MUL1203_turn5,multiwoz,streaming,extra_long,0.1497,0.0771,13,1,11,167,12,6,50,882,0
multiwoz_MUL1203_turn5,multiwoz,non-streaming,extra_long,0.1497,0.0964,12,0,13,167,15,8,62,882,0
crosswoz_9200_turn5,crosswoz,streaming,extra_long,0.0463,0.0463,10,0,2,259,10,0,2,259,0
crosswoz_9200_turn5,crosswoz,non-streaming,extra_long,0.0347,0.0347,8,0,1,259,8,0,1,259,0
multiwoz_PMUL2175_turn8,multiwoz,streaming,extra_long,0.3000,0.1554,25,3,23,170,45,10,80,869,0
multiwoz_PMUL2175_turn8,multiwoz,non-streaming,extra_long,0.2882,0.1484,24,2,23,170,46,5,78,869,0
multiwoz_PMUL4254_turn6,multiwoz,streaming,extra_long,0.2099,0.1365,14,9,11,162,21,43,49,828,0
multiwoz_PMUL4254_turn6,multiwoz,non-streaming,extra_long,0.1914,0.1304,13,8,10,162,21,39,48,828,0
crosswoz_10040_turn5,crosswoz,streaming,extra_long,0.0951,0.0951,21,0,4,263,21,0,4,263,0
crosswoz_10040_turn5,crosswoz,non-streaming,extra_long,0.0798,0.0798,17,0,4,263,17,0,4,263,0
multiwoz_MUL0193_turn5,multiwoz,streaming,extra_long,0.2533,0.1380,16,4,18,150,22,12,87,877,0
multiwoz_MUL0193_turn5,multiwoz,non-streaming,extra_long,0.2467,0.1300,16,3,18,150,19,15,80,877,0
crosswoz_7310_turn5,crosswoz,streaming,extra_long,0.0647,0.0647,14,1,3,278,14,1,3,278,0
crosswoz_7310_turn5,crosswoz,non-streaming,extra_long,0.0504,0.0504,10,1,3,278,10,1,3,278,0
multiwoz_PMUL2296_turn5,multiwoz,streaming,extra_long,0.1886,0.0927,15,2,16,175,21,6,57,906,0
multiwoz_PMUL2296_turn5,multiwoz,non-streaming,extra_long,0.1771,0.0905,15,1,15,175,24,5,53,906,0
crosswoz_12299_turn5,crosswoz,streaming,extra_long,0.0766,0.0766,14,1,6,274,14,1,6,274,0
crosswoz_12299_turn5,crosswoz,non-streaming,extra_long,0.0730,0.0730,14,1,5,274,14,1,5,274,0
crosswoz_8796_turn4,crosswoz,streaming,extra_long,0.1014,0.1014,25,1,2,276,25,1,2,276,0
crosswoz_8796_turn4,crosswoz,non-streaming,extra_long,0.0761,0.0761,20,0,1,276,20,0,1,276,0
crosswoz_497_turn7,crosswoz,streaming,extra_long,0.0787,0.0787,18,0,3,267,18,0,3,267,0
crosswoz_497_turn7,crosswoz,non-streaming,extra_long,0.0562,0.0562,13,0,2,267,13,0,2,267,0
multiwoz_MUL0023_turn6,multiwoz,streaming,extra_long,0.1656,0.0962,13,1,13,163,20,2,58,832,0
multiwoz_MUL0023_turn6,multiwoz,non-streaming,extra_long,0.1595,0.0962,14,0,12,163,19,3,58,832,0
crosswoz_7652_turn4,crosswoz,streaming,extra_long,0.1058,0.1058,27,1,1,274,27,1,1,274,0
crosswoz_7652_turn4,crosswoz,non-streaming,extra_long,0.1168,0.1168,30,1,1,274,30,1,1,274,0
crosswoz_7701_turn5,crosswoz,streaming,extra_long,0.0547,0.0547,12,0,3,274,12,0,3,274,0
crosswoz_7701_turn5,crosswoz,non-streaming,extra_long,0.0365,0.0365,7,0,3,274,7,0,3,274,0
multiwoz_MUL0789_turn6,multiwoz,streaming,extra_long,0.1588,0.0815,18,0,9,170,31,1,42,908,0
multiwoz_MUL0789_turn6,multiwoz,non-streaming,extra_long,0.1353,0.0760,11,2,10,170,18,5,46,908,0
crosswoz_8672_turn7,crosswoz,streaming,extra_long,0.0632,0.0632,16,0,2,285,16,0,2,285,0
crosswoz_8672_turn7,crosswoz,non-streaming,extra_long,0.0526,0.0526,14,0,1,285,14,0,1,285,0
crosswoz_3145_turn5,crosswoz,streaming,extra_long,0.0550,0.0550,13,1,2,291,13,1,2,291,0
crosswoz_3145_turn5,crosswoz,non-streaming,extra_long,0.0481,0.0481,13,0,1,291,13,0,1,291,0
multiwoz_PMUL2936_turn6,multiwoz,streaming,extra_long,0.1788,0.1135,12,4,11,151,14,26,54,828,0
multiwoz_PMUL2936_turn6,multiwoz,non-streaming,extra_long,0.2450,0.1558,13,3,21,151,34,15,80,828,0
multiwoz_MUL2174_turn8,multiwoz,streaming,extra_long,0.1553,0.0792,10,2,13,161,11,9,46,833,0
multiwoz_MUL2174_turn8,multiwoz,non-streaming,extra_long,0.1739,0.0900,9,0,19,161,9,4,62,833,0
crosswoz_11334_turn6,crosswoz,streaming,extra_long,0.1000,0.1000,23,1,3,270,23,1,3,270,0
crosswoz_11334_turn6,crosswoz,non-streaming,extra_long,0.0704,0.0704,17,0,2,270,17,0,2,270,0
multiwoz_PMUL2319_turn5,multiwoz,streaming,extra_long,0.1871,0.1011,19,3,10,171,24,14,52,890,0
multiwoz_PMUL2319_turn5,multiwoz,non-streaming,extra_long,0.1637,0.0955,15,0,13,171,16,6,63,890,0
crosswoz_10296_turn6,crosswoz,streaming,extra_long,0.0490,0.0490,12,0,2,286,12,0,2,286,0
crosswoz_10296_turn6,crosswoz,non-streaming,extra_long,0.0385,0.0385,9,0,2,286,9,0,2,286,0
multiwoz_PMUL2034_turn6,multiwoz,streaming,extra_long,0.2642,0.2022,11,34,6,193,7,159,39,1014,0
multiwoz_PMUL2034_turn6,multiwoz,non-streaming,extra_long,0.2539,0.2061,10,32,7,193,12,162,35,1014,0
crosswoz_10197_turn6,crosswoz,streaming,extra_long,0.1188,0.1188,15,20,1,303,15,20,1,303,0
crosswoz_10197_turn6,crosswoz,non-streaming,extra_long,0.1089,0.1089,12,20,1,303,12,20,1,303,0
crosswoz_12298_turn5,crosswoz,streaming,extra_long,0.0309,0.0309,9,0,0,291,9,0,0,291,0
crosswoz_12298_turn5,crosswoz,non-streaming,extra_long,0.0275,0.0275,7,0,1,291,7,0,1,291,0
crosswoz_11361_turn5,crosswoz,streaming,extra_long,0.0653,0.0653,16,1,2,291,16,1,2,291,0
crosswoz_11361_turn5,crosswoz,non-streaming,extra_long,0.0515,0.0515,12,1,2,291,12,1,2,291,0
multiwoz_PMUL0271_turn6,multiwoz,streaming,extra_long,0.0929,0.0600,10,1,6,183,14,7,35,934,0
multiwoz_PMUL0271_turn6,multiwoz,non-streaming,extra_long,0.0820,0.0578,9,0,6,183,10,8,36,934,0
crosswoz_11592_turn4,crosswoz,streaming,extra_long,0.0927,0.0927,20,0,4,259,20,0,4,259,0
crosswoz_11592_turn4,crosswoz,non-streaming,extra_long,0.0734,0.0734,17,0,2,259,17,0,2,259,0
crosswoz_422_turn6,crosswoz,streaming,extra_long,0.0742,0.0742,18,0,3,283,18,0,3,283,0
crosswoz_422_turn6,crosswoz,non-streaming,extra_long,0.0636,0.0636,17,0,1,283,17,0,1,283,0
multiwoz_PMUL3103_turn9,multiwoz,streaming,extra_long,0.3105,0.2281,16,37,15,219,31,180,50,1144,0
multiwoz_PMUL3103_turn9,multiwoz,non-streaming,extra_long,0.2877,0.2203,14,36,13,219,32,178,42,1144,0
crosswoz_9956_turn9,crosswoz,streaming,extra_long,0.0903,0.0903,15,9,2,288,15,9,2,288,0
crosswoz_9956_turn9,crosswoz,non-streaming,extra_long,0.0833,0.0833,15,9,0,288,15,9,0,288,0
multiwoz_MUL0076_turn6,multiwoz,streaming,extra_long,0.2346,0.1196,23,1,18,179,21,1,86,903,0
multiwoz_MUL0076_turn6,multiwoz,non-streaming,extra_long,0.2458,0.1152,21,0,23,179,23,0,81,903,0
crosswoz_10749_turn6,crosswoz,streaming,extra_long,0.0450,0.0450,13,0,1,311,13,0,1,311,0
crosswoz_10749_turn6,crosswoz,non-streaming,extra_long,0.0418,0.0418,12,0,1,311,12,0,1,311,0
crosswoz_11730_turn5,crosswoz,streaming,extra_long,0.0805,0.0805,22,0,2,298,22,0,2,298,0
crosswoz_11730_turn5,crosswoz,non-streaming,extra_long,0.0872,0.0872,23,0,3,298,23,0,3,298,0
multiwoz_MUL1152_turn6,multiwoz,streaming,extra_long,0.1611,0.0870,16,0,13,180,13,9,61,954,0
multiwoz_MUL1152_turn6,multiwoz,non-streaming,extra_long,0.1667,0.0922,16,1,13,180,12,10,66,954,0
multiwoz_MUL1377_turn5,multiwoz,streaming,extra_long,0.2115,0.1183,16,3,14,156,24,19,56,837,0
multiwoz_MUL1377_turn5,multiwoz,non-streaming,extra_long,0.2051,0.1195,15,2,15,156,33,9,58,837,0
crosswoz_9138_turn5,crosswoz,streaming,extra_long,0.0508,0.0508,14,0,2,315,14,0,2,315,0
crosswoz_9138_turn5,crosswoz,non-streaming,extra_long,0.0508,0.0508,14,0,2,315,14,0,2,315,0
multiwoz_PMUL4885_turn7,multiwoz,streaming,extra_long,0.1534,0.0908,14,3,10,176,20,3,54,848,0
multiwoz_PMUL4885_turn7,multiwoz,non-streaming,extra_long,0.1705,0.1203,16,0,14,176,20,2,80,848,0
crosswoz_11735_turn5,crosswoz,streaming,extra_long,0.0297,0.0297,8,0,1,303,8,0,1,303,0
crosswoz_11735_turn5,crosswoz,non-streaming,extra_long,0.0330,0.0330,8,0,2,303,8,0,2,303,0
multiwoz_PMUL0237_turn7,multiwoz,streaming,extra_long,0.2160,0.1163,17,3,15,162,27,7,68,877,0
multiwoz_PMUL0237_turn7,multiwoz,non-streaming,extra_long,0.1975,0.1174,16,1,15,162,22,9,72,877,0
crosswoz_11406_turn6,crosswoz,streaming,extra_long,0.0839,0.0839,23,0,2,298,23,0,2,298,0
crosswoz_11406_turn6,crosswoz,non-streaming,extra_long,0.0705,0.0705,19,0,2,298,19,0,2,298,0
crosswoz_12315_turn6,crosswoz,streaming,extra_long,0.0831,0.0831,22,1,2,301,22,1,2,301,0
crosswoz_12315_turn6,crosswoz,non-streaming,extra_long,0.0797,0.0797,21,2,1,301,21,2,1,301,0
multiwoz_MUL1353_turn6,multiwoz,streaming,extra_long,0.2204,0.1233,24,7,10,186,28,21,67,941,0
multiwoz_MUL1353_turn6,multiwoz,non-streaming,extra_long,0.2043,0.1105,26,7,5,186,26,19,59,941,0
multiwoz_MUL1191_turn6,multiwoz,streaming,extra_long,0.2406,0.1421,17,1,27,187,18,3,109,915,0
multiwoz_MUL1191_turn6,multiwoz,non-streaming,extra_long,0.2353,0.1443,18,1,25,187,21,2,109,915,0
crosswoz_11248_turn4,crosswoz,streaming,extra_long,0.0322,0.0322,8,1,1,311,8,1,1,311,0
crosswoz_11248_turn4,crosswoz,non-streaming,extra_long,0.0386,0.0386,10,1,1,311,10,1,1,311,0
crosswoz_8202_turn6,crosswoz,streaming,extra_long,0.0662,0.0662,18,0,2,302,18,0,2,302,0
crosswoz_8202_turn6,crosswoz,non-streaming,extra_long,0.0762,0.0762,21,0,2,302,21,0,2,302,0
crosswoz_11893_turn6,crosswoz,streaming,extra_long,0.0561,0.0561,15,1,2,321,15,1,2,321,0
crosswoz_11893_turn6,crosswoz,non-streaming,extra_long,0.0654,0.0654,18,1,2,321,18,1,2,321,0
crosswoz_7196_turn5,crosswoz,streaming,extra_long,0.0874,0.0874,20,2,5,309,20,2,5,309,0
crosswoz_7196_turn5,crosswoz,non-streaming,extra_long,0.0841,0.0841,20,2,4,309,20,2,4,309,0
crosswoz_10661_turn6,crosswoz,streaming,extra_long,0.0625,0.0625,15,4,0,304,15,4,0,304,0
crosswoz_10661_turn6,crosswoz,non-streaming,extra_long,0.0559,0.0559,13,4,0,304,13,4,0,304,0
crosswoz_9173_turn6,crosswoz,streaming,extra_long,0.0525,0.0525,15,1,0,305,15,1,0,305,0
crosswoz_9173_turn6,crosswoz,non-streaming,extra_long,0.0426,0.0426,13,0,0,305,13,0,0,305,0
crosswoz_12299_turn6,crosswoz,streaming,extra_long,0.0673,0.0673,16,1,4,312,16,1,4,312,0
crosswoz_12299_turn6,crosswoz,non-streaming,extra_long,0.0577,0.0577,13,1,4,312,13,1,4,312,0
crosswoz_12011_turn5,crosswoz,streaming,extra_long,0.0786,0.0786,24,0,1,318,24,0,1,318,0
crosswoz_12011_turn5,crosswoz,non-streaming,extra_long,0.0660,0.0660,20,0,1,318,20,0,1,318,0
crosswoz_7701_turn6,crosswoz,streaming,extra_long,0.0528,0.0528,13,0,3,303,13,0,3,303,0
crosswoz_7701_turn6,crosswoz,non-streaming,extra_long,0.0330,0.0330,7,0,3,303,7,0,3,303,0
crosswoz_8707_turn5,crosswoz,streaming,extra_long,0.0918,0.0918,22,0,5,294,22,0,5,294,0
crosswoz_8707_turn5,crosswoz,non-streaming,extra_long,0.0680,0.0680,18,0,2,294,18,0,2,294,0
crosswoz_98_turn5,crosswoz,streaming,extra_long,0.0946,0.0946,27,0,1,296,27,0,1,296,0
crosswoz_98_turn5,crosswoz,non-streaming,extra_long,0.0946,0.0946,27,0,1,296,27,0,1,296,0
crosswoz_9577_turn6,crosswoz,streaming,extra_long,0.0606,0.0606,15,1,4,330,15,1,4,330,0
crosswoz_9577_turn6,crosswoz,non-streaming,extra_long,0.0606,0.0606,17,1,2,330,17,1,2,330,0
crosswoz_10296_turn7,crosswoz,streaming,extra_long,0.0369,0.0369,10,0,2,325,10,0,2,325,0
crosswoz_10296_turn7,crosswoz,non-streaming,extra_long,0.0400,0.0400,9,0,4,325,9,0,4,325,0
crosswoz_7310_turn6,crosswoz,streaming,extra_long,0.0805,0.0805,17,1,8,323,17,1,8,323,0
crosswoz_7310_turn6,crosswoz,non-streaming,extra_long,0.0464,0.0464,11,1,3,323,11,1,3,323,0
crosswoz_9033_turn6,crosswoz,streaming,extra_long,0.0650,0.0650,17,2,2,323,17,2,2,323,0
crosswoz_9033_turn6,crosswoz,non-streaming,extra_long,0.0588,0.0588,16,2,1,323,16,2,1,323,0
crosswoz_11592_turn5,crosswoz,streaming,extra_long,0.0767,0.0767,22,0,1,300,22,0,1,300,0
crosswoz_11592_turn5,crosswoz,non-streaming,extra_long,0.0700,0.0700,20,0,1,300,20,0,1,300,0
crosswoz_11730_turn6,crosswoz,streaming,extra_long,0.0846,0.0846,25,0,3,331,25,0,3,331,0
crosswoz_11730_turn6,crosswoz,non-streaming,extra_long,0.0755,0.0755,21,0,4,331,21,0,4,331,0
crosswoz_497_turn8,crosswoz,streaming,extra_long,0.0681,0.0681,19,0,3,323,19,0,3,323,0
crosswoz_497_turn8,crosswoz,non-streaming,extra_long,0.0464,0.0464,12,0,3,323,12,0,3,323,0
crosswoz_8424_turn5,crosswoz,streaming,extra_long,0.0638,0.0638,19,0,2,329,19,0,2,329,0
crosswoz_8424_turn5,crosswoz,non-streaming,extra_long,0.0517,0.0517,14,0,3,329,14,0,3,329,0
crosswoz_8436_turn5,crosswoz,streaming,extra_long,0.0574,0.0574,17,0,2,331,17,0,2,331,0
crosswoz_8436_turn5,crosswoz,non-streaming,extra_long,0.0453,0.0453,13,0,2,331,13,0,2,331,0
crosswoz_10382_turn6,crosswoz,streaming,extra_long,0.0756,0.0756,21,2,3,344,21,2,3,344,0
crosswoz_10382_turn6,crosswoz,non-streaming,extra_long,0.0640,0.0640,18,2,2,344,18,2,2,344,0
crosswoz_8907_turn6,crosswoz,streaming,extra_long,0.0540,0.0540,16,1,2,352,16,1,2,352,0
crosswoz_8907_turn6,crosswoz,non-streaming,extra_long,0.0511,0.0511,17,0,1,352,17,0,1,352,0
crosswoz_10331_turn5,crosswoz,streaming,extra_long,0.0649,0.0649,20,0,2,339,20,0,2,339,0
crosswoz_10331_turn5,crosswoz,non-streaming,extra_long,0.0590,0.0590,19,0,1,339,19,0,1,339,0
crosswoz_8672_turn8,crosswoz,streaming,extra_long,0.0880,0.0880,19,0,11,341,19,0,11,341,0
crosswoz_8672_turn8,crosswoz,non-streaming,extra_long,0.0499,0.0499,15,0,2,341,15,0,2,341,0
crosswoz_9365_turn6,crosswoz,streaming,extra_long,0.0801,0.0801,23,0,4,337,23,0,4,337,0
crosswoz_9365_turn6,crosswoz,non-streaming,extra_long,0.0712,0.0712,22,0,2,337,22,0,2,337,0
crosswoz_9200_turn6,crosswoz,streaming,extra_long,0.0217,0.0217,7,0,0,323,7,0,0,323,0
crosswoz_9200_turn6,crosswoz,non-streaming,extra_long,0.0248,0.0248,8,0,0,323,8,0,0,323,0
crosswoz_11613_turn8,crosswoz,streaming,extra_long,0.0741,0.0741,13,3,8,324,13,3,8,324,0
crosswoz_11613_turn8,crosswoz,non-streaming,extra_long,0.0617,0.0617,11,3,6,324,11,3,6,324,0
crosswoz_11334_turn7,crosswoz,streaming,extra_long,0.1054,0.1054,21,10,4,332,21,10,4,332,0
crosswoz_11334_turn7,crosswoz,non-streaming,extra_long,0.0934,0.0934,18,10,3,332,18,10,3,332,0
crosswoz_962_turn5,crosswoz,streaming,extra_long,0.0917,0.0917,22,1,7,327,22,1,7,327,0
crosswoz_962_turn5,crosswoz,non-streaming,extra_long,0.1070,0.1070,28,1,6,327,28,1,6,327,0
crosswoz_10574_turn7,crosswoz,streaming,extra_long,0.0684,0.0684,19,2,3,351,19,2,3,351,0
crosswoz_10574_turn7,crosswoz,non-streaming,extra_long,0.0370,0.0370,10,1,2,351,10,1,2,351,0
crosswoz_11613_turn9,crosswoz,streaming,extra_long,0.1653,0.1653,23,33,3,357,23,33,3,357,0
crosswoz_11613_turn9,crosswoz,non-streaming,extra_long,0.1401,0.1401,15,32,3,357,15,32,3,357,0
crosswoz_10197_turn7,crosswoz,streaming,extra_long,0.1053,0.1053,18,20,0,361,18,20,0,361,0
crosswoz_10197_turn7,crosswoz,non-streaming,extra_long,0.0831,0.0831,10,20,0,361,10,20,0,361,0
crosswoz_11248_turn5,crosswoz,streaming,extra_long,0.0426,0.0426,13,1,1,352,13,1,1,352,0
crosswoz_11248_turn5,crosswoz,non-streaming,extra_long,0.0398,0.0398,12,1,1,352,12,1,1,352,0
crosswoz_11735_turn6,crosswoz,streaming,extra_long,0.0471,0.0471,14,0,2,340,14,0,2,340,0
crosswoz_11735_turn6,crosswoz,non-streaming,extra_long,0.0500,0.0500,16,0,1,340,16,0,1,340,0
crosswoz_3145_turn6,crosswoz,streaming,extra_long,0.0653,0.0653,20,0,3,352,20,0,3,352,0
crosswoz_3145_turn6,crosswoz,non-streaming,extra_long,0.0455,0.0455,14,0,2,352,14,0,2,352,0
crosswoz_8202_turn7,crosswoz,streaming,extra_long,0.0686,0.0686,21,1,2,350,21,1,2,350,0
crosswoz_8202_turn7,crosswoz,non-streaming,extra_long,0.0486,0.0486,14,1,2,350,14,1,2,350,0
crosswoz_9173_turn7,crosswoz,streaming,extra_long,0.0432,0.0432,15,0,0,347,15,0,0,347,0
crosswoz_9173_turn7,crosswoz,non-streaming,extra_long,0.0519,0.0519,18,0,0,347,18,0,0,347,0
crosswoz_422_turn7,crosswoz,streaming,extra_long,0.0663,0.0663,21,0,1,332,21,0,1,332,0
crosswoz_422_turn7,crosswoz,non-streaming,extra_long,0.0663,0.0663,21,0,1,332,21,0,1,332,0
crosswoz_12315_turn7,crosswoz,streaming,extra_long,0.0862,0.0862,27,1,2,348,27,1,2,348,0
crosswoz_12315_turn7,crosswoz,non-streaming,extra_long,0.0661,0.0661,20,1,2,348,20,1,2,348,0
crosswoz_1101_turn6,crosswoz,streaming,extra_long,0.1392,0.1392,20,25,4,352,20,25,4,352,0
crosswoz_1101_turn6,crosswoz,non-streaming,extra_long,0.1307,0.1307,19,25,2,352,19,25,2,352,0
crosswoz_10749_turn7,crosswoz,streaming,extra_long,0.0511,0.0511,14,1,4,372,14,1,4,372,0
crosswoz_10749_turn7,crosswoz,non-streaming,extra_long,0.0430,0.0430,14,1,1,372,14,1,1,372,0
crosswoz_9138_turn6,crosswoz,streaming,extra_long,0.0481,0.0481,15,0,3,374,15,0,3,374,0
crosswoz_9138_turn6,crosswoz,non-streaming,extra_long,0.0428,0.0428,14,0,2,374,14,0,2,374,0
crosswoz_9275_turn4,crosswoz,streaming,extra_long,0.1037,0.1037,28,1,5,328,28,1,5,328,0
crosswoz_9275_turn4,crosswoz,non-streaming,extra_long,0.1829,0.1829,16,40,4,328,16,40,4,328,0
crosswoz_11406_turn7,crosswoz,streaming,extra_long,0.0864,0.0864,27,0,4,359,27,0,4,359,0
crosswoz_11406_turn7,crosswoz,non-streaming,extra_long,0.0864,0.0864,27,0,4,359,27,0,4,359,0
crosswoz_10661_turn7,crosswoz,streaming,extra_long,0.0687,0.0687,21,4,0,364,21,4,0,364,0
crosswoz_10661_turn7,crosswoz,non-streaming,extra_long,0.0632,0.0632,17,6,0,364,17,6,0,364,0
crosswoz_11730_turn7,crosswoz,streaming,extra_long,0.0773,0.0773,26,1,2,375,26,1,2,375,0
crosswoz_11730_turn7,crosswoz,non-streaming,extra_long,0.0747,0.0747,25,1,2,375,25,1,2,375,0
crosswoz_10382_turn7,crosswoz,streaming,extra_long,0.0825,0.0825,25,3,4,388,25,3,4,388,0
crosswoz_10382_turn7,crosswoz,non-streaming,extra_long,0.0593,0.0593,17,3,3,388,17,3,3,388,0
crosswoz_8707_turn6,crosswoz,streaming,extra_long,0.0958,0.0958,29,2,3,355,29,2,3,355,0
crosswoz_8707_turn6,crosswoz,non-streaming,extra_long,0.1099,0.1099,25,12,2,355,25,12,2,355,0
crosswoz_9394_turn5,crosswoz,streaming,extra_long,0.0886,0.0886,25,1,6,361,25,1,6,361,0
crosswoz_9394_turn5,crosswoz,non-streaming,extra_long,0.0942,0.0942,27,1,6,361,27,1,6,361,0
crosswoz_10296_turn8,crosswoz,streaming,extra_long,0.0429,0.0429,13,0,3,373,13,0,3,373,0
crosswoz_10296_turn8,crosswoz,non-streaming,extra_long,0.0322,0.0322,11,0,1,373,11,0,1,373,0
crosswoz_9080_turn6,crosswoz,streaming,extra_long,0.0519,0.0519,15,1,3,366,15,1,3,366,0
crosswoz_9080_turn6,crosswoz,non-streaming,extra_long,0.0574,0.0574,17,1,3,366,17,1,3,366,0
crosswoz_7701_turn7,crosswoz,streaming,extra_long,0.0499,0.0499,15,0,3,361,15,0,3,361,0
crosswoz_7701_turn7,crosswoz,non-streaming,extra_long,0.0499,0.0499,15,0,3,361,15,0,3,361,0
crosswoz_8796_turn5,crosswoz,streaming,extra_long,0.1044,0.1044,28,1,9,364,28,1,9,364,0
crosswoz_8796_turn5,crosswoz,non-streaming,extra_long,0.0962,0.0962,28,0,7,364,28,0,7,364,0
crosswoz_11893_turn7,crosswoz,streaming,extra_long,0.0453,0.0453,14,1,3,397,14,1,3,397,0
crosswoz_11893_turn7,crosswoz,non-streaming,extra_long,0.0378,0.0378,11,1,3,397,11,1,3,397,0
crosswoz_8202_turn9,crosswoz,streaming,extra_long,0.1769,0.1769,26,49,0,424,26,49,0,424,0
crosswoz_8202_turn9,crosswoz,non-streaming,extra_long,0.1745,0.1745,25,49,0,424,25,49,0,424,0
crosswoz_7310_turn7,crosswoz,streaming,extra_long,0.1404,0.1404,24,29,4,406,24,29,4,406,0
crosswoz_7310_turn7,crosswoz,non-streaming,extra_long,0.1404,0.1404,26,28,3,406,26,28,3,406,0
crosswoz_12299_turn7,crosswoz,streaming,extra_long,0.0872,0.0872,22,1,11,390,22,1,11,390,0
crosswoz_12299_turn7,crosswoz,non-streaming,extra_long,0.0590,0.0590,16,1,6,390,16,1,6,390,0
crosswoz_7196_turn6,crosswoz,streaming,extra_long,0.0714,0.0714,20,1,6,378,20,1,6,378,0
crosswoz_7196_turn6,crosswoz,non-streaming,extra_long,0.0767,0.0767,23,1,5,378,23,1,5,378,0
crosswoz_98_turn6,crosswoz,streaming,extra_long,0.0946,0.0946,31,0,2,349,31,0,2,349,0
crosswoz_98_turn6,crosswoz,non-streaming,extra_long,0.0888,0.0888,30,0,1,349,30,0,1,349,0
crosswoz_8717_turn5,crosswoz,streaming,extra_long,0.1425,0.1425,36,11,5,365,36,11,5,365,0
crosswoz_8717_turn5,crosswoz,non-streaming,extra_long,0.0986,0.0986,34,0,2,365,34,0,2,365,0
crosswoz_11334_turn8,crosswoz,streaming,extra_long,0.0674,0.0674,20,1,4,371,20,1,4,371,0
crosswoz_11334_turn8,crosswoz,non-streaming,extra_long,0.0566,0.0566,18,0,3,371,18,0,3,371,0
crosswoz_10574_turn8,crosswoz,streaming,extra_long,0.0620,0.0620,13,9,3,403,13,9,3,403,0
crosswoz_10574_turn8,crosswoz,non-streaming,extra_long,0.0620,0.0620,15,8,2,403,15,8,2,403,0
crosswoz_8707_turn7,crosswoz,streaming,extra_long,0.1575,0.1575,25,36,2,400,25,36,2,400,0
crosswoz_8707_turn7,crosswoz,non-streaming,extra_long,0.1450,0.1450,20,36,2,400,20,36,2,400,0
crosswoz_7701_turn8,crosswoz,streaming,extra_long,0.0914,0.0914,24,9,3,394,24,9,3,394,0
crosswoz_7701_turn8,crosswoz,non-streaming,extra_long,0.0838,0.0838,21,9,3,394,21,9,3,394,0
crosswoz_9577_turn7,crosswoz,streaming,extra_long,0.0344,0.0344,9,1,4,407,9,1,4,407,0
crosswoz_9577_turn7,crosswoz,non-streaming,extra_long,0.0270,0.0270,8,0,3,407,8,0,3,407,0
crosswoz_12298_turn6,crosswoz,streaming,extra_long,0.0512,0.0512,19,0,1,391,19,0,1,391,0
crosswoz_12298_turn6,crosswoz,non-streaming,extra_long,0.0588,0.0588,22,0,1,391,22,0,1,391,0
crosswoz_11406_turn8,crosswoz,streaming,extra_long,0.0667,0.0667,21,1,4,390,21,1,4,390,0
crosswoz_11406_turn8,crosswoz,non-streaming,extra_long,0.0769,0.0769,26,0,4,390,26,0,4,390,0
crosswoz_12011_turn6,crosswoz,streaming,extra_long,0.0773,0.0773,29,0,2,401,29,0,2,401,0
crosswoz_12011_turn6,crosswoz,non-streaming,extra_long,0.0648,0.0648,25,0,1,401,25,0,1,401,0
crosswoz_8202_turn8,crosswoz,streaming,extra_long,0.0657,0.0657,24,1,1,396,24,1,1,396,0
crosswoz_8202_turn8,crosswoz,non-streaming,extra_long,0.0657,0.0657,24,1,1,396,24,1,1,396,0
crosswoz_8672_turn9,crosswoz,streaming,extra_long,0.0541,0.0541,18,2,2,407,18,2,2,407,0
crosswoz_8672_turn9,crosswoz,non-streaming,extra_long,0.0541,0.0541,19,1,2,407,19,1,2,407,0
crosswoz_10296_turn9,crosswoz,streaming,extra_long,0.0400,0.0400,14,0,2,400,14,0,2,400,0
crosswoz_10296_turn9,crosswoz,non-streaming,extra_long,0.0300,0.0300,11,0,1,400,11,0,1,400,0
crosswoz_7652_turn5,crosswoz,streaming,extra_long,0.0930,0.0930,35,1,1,398,35,1,1,398,0
crosswoz_7652_turn5,crosswoz,non-streaming,extra_long,0.0879,0.0879,33,1,1,398,33,1,1,398,0
crosswoz_11592_turn6,crosswoz,streaming,extra_long,0.0744,0.0744,24,0,3,363,24,0,3,363,0
crosswoz_11592_turn6,crosswoz,non-streaming,extra_long,0.0689,0.0689,21,0,4,363,21,0,4,363,0
crosswoz_2228_turn7,crosswoz,streaming,extra_long,0.0478,0.0478,16,0,4,418,16,0,4,418,0
crosswoz_2228_turn7,crosswoz,non-streaming,extra_long,0.0502,0.0502,16,0,5,418,16,0,5,418,0
crosswoz_12315_turn8,crosswoz,streaming,extra_long,0.0704,0.0704,24,2,2,398,24,2,2,398,0
crosswoz_12315_turn8,crosswoz,non-streaming,extra_long,0.0779,0.0779,28,2,1,398,28,2,1,398,0
crosswoz_9033_turn7,crosswoz,streaming,extra_long,0.0854,0.0854,28,3,3,398,28,3,3,398,0
crosswoz_9033_turn7,crosswoz,non-streaming,extra_long,0.0955,0.0955,34,3,1,398,34,3,1,398,0
crosswoz_9275_turn5,crosswoz,streaming,extra_long,0.0849,0.0849,25,0,6,365,25,0,6,365,0
crosswoz_9275_turn5,crosswoz,non-streaming,extra_long,0.0740,0.0740,23,0,4,365,23,0,4,365,0
crosswoz_10749_turn8,crosswoz,streaming,extra_long,0.0627,0.0627,23,1,2,415,23,1,2,415,0
crosswoz_10749_turn8,crosswoz,non-streaming,extra_long,0.0482,0.0482,18,0,2,415,18,0,2,415,0
crosswoz_8907_turn7,crosswoz,streaming,extra_long,0.0532,0.0532,20,2,1,432,20,2,1,432,0
crosswoz_8907_turn7,crosswoz,non-streaming,extra_long,0.0556,0.0556,21,2,1,432,21,2,1,432,0
crosswoz_11730_turn8,crosswoz,streaming,extra_long,0.0545,0.0545,19,2,2,422,19,2,2,422,0
crosswoz_11730_turn8,crosswoz,non-streaming,extra_long,0.0521,0.0521,19,1,2,422,19,1,2,422,0
crosswoz_9200_turn7,crosswoz,streaming,extra_long,0.0350,0.0350,13,0,1,400,13,0,1,400,0
crosswoz_9200_turn7,crosswoz,non-streaming,extra_long,0.0400,0.0400,15,0,1,400,15,0,1,400,0
crosswoz_9365_turn7,crosswoz,streaming,extra_long,0.0622,0.0622,22,0,3,402,22,0,3,402,0
crosswoz_9365_turn7,crosswoz,non-streaming,extra_long,0.0622,0.0622,23,0,2,402,23,0,2,402,0
crosswoz_10197_turn8,crosswoz,streaming,extra_long,0.1151,0.1151,22,29,0,443,22,29,0,443,0
crosswoz_10197_turn8,crosswoz,non-streaming,extra_long,0.0993,0.0993,15,29,0,443,15,29,0,443,0
crosswoz_10574_turn9,crosswoz,streaming,extra_long,0.0670,0.0670,11,1,17,433,11,1,17,433,0
crosswoz_10574_turn9,crosswoz,non-streaming,extra_long,0.0393,0.0393,14,1,2,433,14,1,2,433,0
crosswoz_10040_turn7,crosswoz,streaming,extra_long,0.0974,0.0974,29,1,8,390,29,1,8,390,0
crosswoz_10040_turn7,crosswoz,non-streaming,extra_long,0.0923,0.0923,27,1,8,390,27,1,8,390,0
crosswoz_3145_turn7,crosswoz,streaming,extra_long,0.0676,0.0676,21,2,5,414,21,2,5,414,0
crosswoz_3145_turn7,crosswoz,non-streaming,extra_long,0.0580,0.0580,19,2,3,414,19,2,3,414,0
crosswoz_9080_turn7,crosswoz,streaming,extra_long,0.0641,0.0641,24,1,2,421,24,1,2,421,0
crosswoz_9080_turn7,crosswoz,non-streaming,extra_long,0.0499,0.0499,17,1,3,421,17,1,3,421,0
crosswoz_11248_turn6,crosswoz,streaming,extra_long,0.0609,0.0609,17,7,2,427,17,7,2,427,0
crosswoz_11248_turn6,crosswoz,non-streaming,extra_long,0.0585,0.0585,16,7,2,427,16,7,2,427,0
crosswoz_1101_turn7,crosswoz,streaming,extra_long,0.1053,0.1053,37,0,5,399,37,0,5,399,0
crosswoz_1101_turn7,crosswoz,non-streaming,extra_long,0.0927,0.0927,33,0,4,399,33,0,4,399,0
crosswoz_8796_turn6,crosswoz,streaming,extra_long,0.0809,0.0809,26,0,7,408,26,0,7,408,0
crosswoz_8796_turn6,crosswoz,non-streaming,extra_long,0.0809,0.0809,25,0,8,408,25,0,8,408,0
crosswoz_8424_turn6,crosswoz,streaming,extra_long,0.0618,0.0618,22,1,3,421,22,1,3,421,0
crosswoz_8424_turn6,crosswoz,non-streaming,extra_long,0.0523,0.0523,19,0,3,421,19,0,3,421,0
crosswoz_8436_turn6,crosswoz,streaming,extra_long,0.0483,0.0483,16,1,3,414,16,1,3,414,0
crosswoz_8436_turn6,crosswoz,non-streaming,extra_long,0.0459,0.0459,17,0,2,414,17,0,2,414,0
crosswoz_98_turn7,crosswoz,streaming,extra_long,0.1066,0.1066,36,2,4,394,36,2,4,394,0
crosswoz_98_turn7,crosswoz,non-streaming,extra_long,0.0888,0.0888,32,2,1,394,32,2,1,394,0
crosswoz_10382_turn8,crosswoz,streaming,extra_long,0.0864,0.0864,28,4,6,440,28,4,6,440,0
crosswoz_10382_turn8,crosswoz,non-streaming,extra_long,0.0727,0.0727,24,3,5,440,24,3,5,440,0
crosswoz_11361_turn7,crosswoz,streaming,extra_long,0.0681,0.0681,23,1,4,411,23,1,4,411,0
crosswoz_11361_turn7,crosswoz,non-streaming,extra_long,0.0754,0.0754,26,1,4,411,26,1,4,411,0
crosswoz_7196_turn7,crosswoz,streaming,extra_long,0.0479,0.0479,16,1,4,438,16,1,4,438,0
crosswoz_7196_turn7,crosswoz,non-streaming,extra_long,0.0502,0.0502,17,1,4,438,17,1,4,438,0
crosswoz_12315_turn9,crosswoz,streaming,extra_long,0.1230,0.1230,27,26,2,447,27,26,2,447,0
crosswoz_12315_turn9,crosswoz,non-streaming,extra_long,0.1186,0.1186,26,26,1,447,26,26,1,447,0
crosswoz_8672_turn10,crosswoz,streaming,extra_long,0.0629,0.0629,25,0,2,429,25,0,2,429,0
crosswoz_8672_turn10,crosswoz,non-streaming,extra_long,0.0653,0.0653,26,0,2,429,26,0,2,429,0
crosswoz_11893_turn8,crosswoz,streaming,extra_long,0.0659,0.0659,21,2,6,440,21,2,6,440,0
crosswoz_11893_turn8,crosswoz,non-streaming,extra_long,0.0500,0.0500,17,1,4,440,17,1,4,440,0
crosswoz_422_turn8,crosswoz,streaming,extra_long,0.0874,0.0874,32,1,3,412,32,1,3,412,0
crosswoz_422_turn8,crosswoz,non-streaming,extra_long,0.0728,0.0728,27,0,3,412,27,0,3,412,0
crosswoz_11334_turn9,crosswoz,streaming,extra_long,0.0860,0.0860,24,2,9,407,24,2,9,407,0
crosswoz_11334_turn9,crosswoz,non-streaming,extra_long,0.0663,0.0663,19,1,7,407,19,1,7,407,0
crosswoz_12299_turn8,crosswoz,streaming,extra_long,0.0659,0.0659,20,1,8,440,20,1,8,440,0
crosswoz_12299_turn8,crosswoz,non-streaming,extra_long,0.0659,0.0659,22,1,6,440,22,1,6,440,0
crosswoz_12011_turn7,crosswoz,streaming,extra_long,0.0769,0.0769,33,0,1,442,33,0,1,442,0
crosswoz_12011_turn7,crosswoz,non-streaming,extra_long,0.0566,0.0566,24,0,1,442,24,0,1,442,0
crosswoz_497_turn9,crosswoz,streaming,extra_long,0.0604,0.0604,17,2,6,414,17,2,6,414,0
crosswoz_497_turn9,crosswoz,non-streaming,extra_long,0.0459,0.0459,15,1,3,414,15,1,3,414,0
crosswoz_1101_turn8,crosswoz,streaming,extra_long,0.1359,0.1359,31,25,3,434,31,25,3,434,0
crosswoz_1101_turn8,crosswoz,non-streaming,extra_long,0.1152,0.1152,23,25,2,434,23,25,2,434,0
crosswoz_9956_turn10,crosswoz,streaming,extra_long,0.1179,0.1179,35,2,11,407,35,2,11,407,0
crosswoz_9956_turn10,crosswoz,non-streaming,extra_long,0.1155,0.1155,34,2,11,407,34,2,11,407,0
crosswoz_10661_turn8,crosswoz,streaming,extra_long,0.0727,0.0727,24,2,6,440,24,2,6,440,0
crosswoz_10661_turn8,crosswoz,non-streaming,extra_long,0.0705,0.0705,23,2,6,440,23,2,6,440,0
crosswoz_3145_turn8,crosswoz,streaming,extra_long,0.1339,0.1339,25,36,3,478,25,36,3,478,0
crosswoz_3145_turn8,crosswoz,non-streaming,extra_long,0.1234,0.1234,20,36,3,478,20,36,3,478,0
crosswoz_10749_turn9,crosswoz,streaming,extra_long,0.0593,0.0593,23,2,2,455,23,2,2,455,0
crosswoz_10749_turn9,crosswoz,non-streaming,extra_long,0.0527,0.0527,22,0,2,455,22,0,2,455,0
crosswoz_9173_turn8,crosswoz,streaming,extra_long,0.0722,0.0722,26,3,3,443,26,3,3,443,0
crosswoz_9173_turn8,crosswoz,non-streaming,extra_long,0.0609,0.0609,22,3,2,443,22,3,2,443,0
crosswoz_10197_turn9,crosswoz,streaming,extra_long,0.1065,0.1065,22,29,0,479,22,29,0,479,0
crosswoz_10197_turn9,crosswoz,non-streaming,extra_long,0.1023,0.1023,20,29,0,479,20,29,0,479,0
crosswoz_9200_turn8,crosswoz,streaming,extra_long,0.0366,0.0366,14,1,1,437,14,1,1,437,0
crosswoz_9200_turn8,crosswoz,non-streaming,extra_long,0.0389,0.0389,15,1,1,437,15,1,1,437,0
crosswoz_12298_turn7,crosswoz,streaming,extra_long,0.0539,0.0539,23,1,0,445,23,1,0,445,0
crosswoz_12298_turn7,crosswoz,non-streaming,extra_long,0.0404,0.0404,18,0,0,445,18,0,0,445,0
crosswoz_10296_turn10,crosswoz,streaming,extra_long,0.0539,0.0539,21,0,3,445,21,0,3,445,0
crosswoz_10296_turn10,crosswoz,non-streaming,extra_long,0.0584,0.0584,24,0,2,445,24,0,2,445,0
crosswoz_9956_turn11,crosswoz,streaming,extra_long,0.1634,0.1634,30,33,11,453,30,33,11,453,0
crosswoz_9956_turn11,crosswoz,non-streaming,extra_long,0.1302,0.1302,25,22,12,453,25,22,12,453,0
crosswoz_8717_turn6,crosswoz,streaming,extra_long,0.0982,0.0982,40,0,3,438,40,0,3,438,0
crosswoz_8717_turn6,crosswoz,non-streaming,extra_long,0.0890,0.0890,35,1,3,438,35,1,3,438,0
crosswoz_11406_turn9,crosswoz,streaming,extra_long,0.0652,0.0652,23,2,4,445,23,2,4,445,0
crosswoz_11406_turn9,crosswoz,non-streaming,extra_long,0.0674,0.0674,27,0,3,445,27,0,3,445,0
crosswoz_10331_turn6,crosswoz,streaming,extra_long,0.0703,0.0703,27,0,4,441,27,0,4,441,0
crosswoz_10331_turn6,crosswoz,non-streaming,extra_long,0.0567,0.0567,23,0,2,441,23,0,2,441,0
crosswoz_11592_turn7,crosswoz,streaming,extra_long,0.0966,0.0966,36,0,4,414,36,0,4,414,0
crosswoz_11592_turn7,crosswoz,non-streaming,extra_long,0.0870,0.0870,33,0,3,414,33,0,3,414,0
crosswoz_11735_turn7,crosswoz,streaming,extra_long,0.0619,0.0619,24,0,3,436,24,0,3,436,0
crosswoz_11735_turn7,crosswoz,non-streaming,extra_long,0.0482,0.0482,20,0,1,436,20,0,1,436,0
crosswoz_962_turn6,crosswoz,streaming,extra_long,0.1388,0.1388,40,18,6,461,40,18,6,461,0
crosswoz_962_turn6,crosswoz,non-streaming,extra_long,0.1106,0.1106,27,18,6,461,27,18,6,461,0
crosswoz_9577_turn8,crosswoz,streaming,extra_long,0.0636,0.0636,20,3,7,472,20,3,7,472,0
crosswoz_9577_turn8,crosswoz,non-streaming,extra_long,0.0466,0.0466,18,1,3,472,18,1,3,472,0
crosswoz_7196_turn8,crosswoz,streaming,extra_long,0.0736,0.0736,28,1,5,462,28,1,5,462,0
crosswoz_7196_turn8,crosswoz,non-streaming,extra_long,0.0628,0.0628,24,1,4,462,24,1,4,462,0
crosswoz_7701_turn9,crosswoz,streaming,extra_long,0.0673,0.0673,27,0,3,446,27,0,3,446,0
crosswoz_7701_turn9,crosswoz,non-streaming,extra_long,0.0471,0.0471,18,0,3,446,18,0,3,446,0
crosswoz_11613_turn10,crosswoz,streaming,extra_long,0.0839,0.0839,26,2,10,453,26,2,10,453,0
crosswoz_11613_turn10,crosswoz,non-streaming,extra_long,0.0728,0.0728,24,2,7,453,24,2,7,453,0
crosswoz_8907_turn8,crosswoz,streaming,extra_long,0.0789,0.0789,32,3,4,494,32,3,4,494,0
crosswoz_8907_turn8,crosswoz,non-streaming,extra_long,0.0668,0.0668,29,2,2,494,29,2,2,494,0
crosswoz_2228_turn8,crosswoz,streaming,extra_long,0.0498,0.0498,21,0,3,482,21,0,3,482,0
crosswoz_2228_turn8,crosswoz,non-streaming,extra_long,0.0539,0.0539,21,0,5,482,21,0,5,482,0
crosswoz_9033_turn8,crosswoz,streaming,extra_long,0.0808,0.0808,30,3,4,458,30,3,4,458,0
crosswoz_9033_turn8,crosswoz,non-streaming,extra_long,0.0873,0.0873,36,3,1,458,36,3,1,458,0
crosswoz_10040_turn8,crosswoz,streaming,extra_long,0.0935,0.0935,32,2,9,460,32,2,9,460,0
crosswoz_10040_turn8,crosswoz,non-streaming,extra_long,0.0957,0.0957,31,2,11,460,31,2,11,460,0
crosswoz_9080_turn8,crosswoz,streaming,extra_long,0.0574,0.0574,23,1,3,470,23,1,3,470,0
crosswoz_9080_turn8,crosswoz,non-streaming,extra_long,0.0553,0.0553,22,1,3,470,22,1,3,470,0
crosswoz_11730_turn9,crosswoz,streaming,extra_long,0.0514,0.0514,22,1,2,486,22,1,2,486,0
crosswoz_11730_turn9,crosswoz,non-streaming,extra_long,0.0473,0.0473,21,0,2,486,21,0,2,486,0
crosswoz_10661_turn9,crosswoz,streaming,extra_long,0.0744,0.0744,27,7,2,484,27,7,2,484,0
crosswoz_10661_turn9,crosswoz,non-streaming,extra_long,0.0579,0.0579,24,4,0,484,24,4,0,484,0
crosswoz_9138_turn7,crosswoz,streaming,extra_long,0.0624,0.0624,24,2,5,497,24,2,5,497,0
crosswoz_9138_turn7,crosswoz,non-streaming,extra_long,0.0584,0.0584,24,2,3,497,24,2,3,497,0
crosswoz_11592_turn8,crosswoz,streaming,extra_long,0.0809,0.0809,32,0,4,445,32,0,4,445,0
crosswoz_11592_turn8,crosswoz,non-streaming,extra_long,0.0809,0.0809,32,1,3,445,32,1,3,445,0
crosswoz_10749_turn10,crosswoz,streaming,extra_long,0.0589,0.0589,25,2,2,492,25,2,2,492,0
crosswoz_10749_turn10,crosswoz,non-streaming,extra_long,0.0549,0.0549,24,1,2,492,24,1,2,492,0
crosswoz_8707_turn8,crosswoz,streaming,extra_long,0.1516,0.1516,34,36,4,488,34,36,4,488,0
crosswoz_8707_turn8,crosswoz,non-streaming,extra_long,0.1598,0.1598,38,36,4,488,38,36,4,488,0
crosswoz_11334_turn10,crosswoz,streaming,extra_long,0.0857,0.0857,24,10,6,467,24,10,6,467,0
crosswoz_11334_turn10,crosswoz,non-streaming,extra_long,0.0749,0.0749,20,10,5,467,20,10,5,467,0
crosswoz_10382_turn9,crosswoz,streaming,extra_long,0.0696,0.0696,25,3,7,503,25,3,7,503,0
crosswoz_10382_turn9,crosswoz,non-streaming,extra_long,0.0716,0.0716,28,3,5,503,28,3,5,503,0
crosswoz_8796_turn7,crosswoz,streaming,extra_long,0.0833,0.0833,30,0,10,480,30,0,10,480,0
crosswoz_8796_turn7,crosswoz,non-streaming,extra_long,0.0750,0.0750,25,0,11,480,25,0,11,480,0
crosswoz_497_turn10,crosswoz,streaming,extra_long,0.0450,0.0450,18,0,3,467,18,0,3,467,0
crosswoz_497_turn10,crosswoz,non-streaming,extra_long,0.0385,0.0385,15,0,3,467,15,0,3,467,0
crosswoz_8202_turn10,crosswoz,streaming,extra_long,0.0562,0.0562,24,2,2,498,24,2,2,498,0
crosswoz_8202_turn10,crosswoz,non-streaming,extra_long,0.0462,0.0462,18,3,2,498,18,3,2,498,0
