{
  "experiment": "ablation_study",
  "configurations": [
    "baseline",
    "asr_only",
    "llm_only",
    "full_optimization"
  ],
  "config_comparison": {
    "baseline": {
      "configuration": {
        "name": "基线方法",
        "streaming_asr": false,
        "kv_cache": false,
        "description": "传统串行处理，无任何优化"
      },
      "sample_count": 2,
      "latencies": [
        13900.526073558569,
        14474.336421264607
      ],
      "mean_latency": 14187.431247411587,
      "std_latency": 286.9051738530188,
      "improvement_over_baseline": 0
    },
    "asr_only": {
      "configuration": {
        "name": "仅ASR优化",
        "streaming_asr": true,
        "kv_cache": false,
        "description": "仅使用流式ASR，LLM使用传统处理"
      },
      "sample_count": 2,
      "latencies": [
        6987.886675258662,
        6604.691656941052
      ],
      "mean_latency": 6796.2891660998575,
      "std_latency": 191.59750915880477,
      "improvement_over_baseline": 52.096408098260916
    },
    "llm_only": {
      "configuration": {
        "name": "仅LLM优化",
        "streaming_asr": false,
        "kv_cache": true,
        "description": "ASR使用传统处理，仅LLM使用KV缓存优化"
      },
      "sample_count": 2,
      "latencies": [
        12775.551815791021,
        13594.625988247755
      ],
      "mean_latency": 13185.088902019388,
      "std_latency": 409.5370862283671,
      "improvement_over_baseline": 7.065002310231954
    },
    "full_optimization": {
      "configuration": {
        "name": "完整优化",
        "streaming_asr": true,
        "kv_cache": true,
        "description": "流式ASR + KV缓存LLM的完整优化"
      },
      "sample_count": 2,
      "latencies": [
        6240.418545679428,
        6115.409302109075
      ],
      "mean_latency": 6177.913923894252,
      "std_latency": 62.50462178517637,
      "improvement_over_baseline": 56.45502123563506
    }
  },
  "component_contributions": {
    "asr_streaming_contribution": 52.096408098260916,
    "llm_kv_cache_contribution": 7.065002310231954,
    "total_optimization": 56.45502123563506,
    "interaction_effect": -2.7063891728578113,
    "synergy": false
  },
  "summary_statistics": {
    "configuration_statistics": {
      "baseline": {
        "sample_count": 2,
        "mean_latency": 14187.431247411587,
        "std_latency": 286.9051738530188,
        "min_latency": 13900.526073558569,
        "max_latency": 14474.336421264607
      },
      "asr_only": {
        "sample_count": 2,
        "mean_latency": 6796.2891660998575,
        "std_latency": 191.59750915880477,
        "min_latency": 6604.691656941052,
        "max_latency": 6987.886675258662,
        "improvement_over_baseline": 52.096408098260916
      },
      "llm_only": {
        "sample_count": 2,
        "mean_latency": 13185.088902019388,
        "std_latency": 409.5370862283671,
        "min_latency": 12775.551815791021,
        "max_latency": 13594.625988247755,
        "improvement_over_baseline": 7.065002310231954
      },
      "full_optimization": {
        "sample_count": 2,
        "mean_latency": 6177.913923894252,
        "std_latency": 62.50462178517637,
        "min_latency": 6115.409302109075,
        "max_latency": 6240.418545679428,
        "improvement_over_baseline": 56.45502123563506
      }
    },
    "component_contributions": {
      "asr_streaming_contribution": 52.096408098260916,
      "llm_kv_cache_contribution": 7.065002310231954,
      "total_optimization": 56.45502123563506,
      "interaction_effect": -2.7063891728578113,
      "synergy": false
    },
    "total_configurations": 4,
    "successful_configs": 4
  }
}