{
  "experiment_info": {
    "name": "exp1_core_comparison",
    "timestamp": "2025-08-07 09:30:48.480075",
    "sample_count": 3,
    "success_count": 3,
    "failed_count": 0,
    "execution_time": 0.07471632957458496
  },
  "summary_statistics": {
    "mean_baseline_latency": 9065.864305458605,
    "baseline_std": 3894.279817480948,
    "mean_optimized_latency": 4557.7535831113155,
    "optimized_std": 1954.0034183201649,
    "mean_optimization": 49.707166566613374,
    "min_optimization": 48.73202503153617,
    "max_optimization": 50.6381583956899
  },
  "sample_results": [
    {
      "sample_id": "short_5to10s_sample_002",
      "audio_file": "experiments/data/processed_audio/short_5to10s/sample_002.wav",
      "audio_length": 10.8,
      "baseline_latency": 6702.930932637756,
      "optimized_latency": 3436.456952698144,
      "optimization_ratio": 48.73202503153617,
      "error_message": null
    },
    {
      "sample_id": "medium_10to20s_sample_002",
      "audio_file": "experiments/data/processed_audio/medium_10to20s/sample_002.wav",
      "audio_length": 15.6,
      "baseline_latency": 6934.050939783697,
      "optimized_latency": 3422.7752416582043,
      "optimization_ratio": 50.6381583956899,
      "error_message": null
    },
    {
      "sample_id": "long_20plus_sample_001",
      "audio_file": "experiments/data/processed_audio/long_20plus/sample_001.wav",
      "audio_length": 28.5,
      "baseline_latency": 13560.611043954357,
      "optimized_latency": 6814.028554977597,
      "optimization_ratio": 49.751316272614034,
      "error_message": null
    }
  ]
}